"accountingtaxation","allgbwlbetrsteuer","100","0"
"accountingtaxation","allgbwlcontrolling","100","0"
"accountingtaxation","allgbwlwipruefung","100","0"
"allgbwlfinanz","gradkolleg811","492","0"
"allgdidaktikschulforschung","allgdidaktik","518","0"
"allgdidaktikschulforschung","allgdidaktikgymnasium","519","0"
"allgdidaktikschulforschung","allgdidaktikhauptschule","520","0"
"allgdidaktikschulforschung","empirischeschulforschung1","718","0"
"allgdidaktikschulforschung","empirischeschulforschung2","719","0"
"allgdidaktikschulforschung","medienpaedagogik","717","0"
"allgemeinchirurgie","gefaesschirurgie","300","0"
"allgemeinchirurgie","viszeralklinik","299","0"
"allgemeinchirurgie","viszerallabor","679","0"
"allgkinder"," paediatrischeintensivstation","100","0"
"allgkinder","allgkinderlabor","12","0"
"allgkinder","kinderchirurgie","100","0"
"allgkinder","kinderendo","4","0"
"allgkinder","kinderkardio","5","0"
"allgkinder","kindernephro","6","0"
"allgkinder","kinderneuro","7","0"
"allgkinder","kinderonkologie","8","0"
"allgkinder","kinderpneumologie","11","0"
"allgkinder","kinderpoli","2","0"
"allgkinder","kindersaeugling","3","0"
"allgkinder","kinderstation1","0","0"
"allgkinder","kinderstation2","1","0"
"allgkinder","neonatologie","9","0"
"allgkinder","neuropaediatrie","10","0"
"allgkinder","sozialpaedzentrum","100","0"
"altertum","altegesch","12","0"
"altertum","byzantinistik","13","0"
"altertum","klassphil","14","0"
"altertum","mittellatein","15","0"
"altertum","numismatik","16","0"
"altertum","papyrologie","17","0"
"anaesthesie","akutschmerzdienst","100","0"
"anaesthesie","schmerzzentrum","100","0"
"anorgchemie","materialchemie","100","0"
"apotheke","apothekemitarbeiter","701","0"
"asiatischestudien","chinastudien","100","0"
"asiatischestudien","indologie","100","0"
"asiatischestudien","japanologie","100","0"
"asta","astaohneschranken","100","0"
"asta","astastudierenohneschranken","100","0"
"augen","allgaugenheilkunde","628","0"
"augen","augenimmunologie","100","0"
"augen","netzhautchirurgie","629","0"
"augen","schielbehandlung","630","0"
"autonref","auslaenderreferat","283","0"
"autonref","behindertenreferat","285","0"
"autonref","frauenlesbenreferat","286","0"
"autonref","lesbenschwulenreferat","287","0"
"bildungsphilosophie","antropologie","505","0"
"bildungsphilosophie","erwachsenenbildung","506","0"
"bildungsphilosophie","fruehekindheit","507","0"
"bildungsphilosophie","gerontagogik","508","0"
"bildungsphilosophie","historischsystempaeda","509","0"
"bildungsphilosophie","kindheitsforschung","510","0"
"bildungsphilosophie","philpaedwissenstheorie","511","0"
"biochemiemath","biochemie","18","0"
"biochemiemath","biochemie2","420","0"
"biochemiemath","nuklearch","421","0"
"biochemiemed","dgbf","479","0"
"biochemiemed","sfb589","476","0"
"biodidaktik","botanikewf","26","0"
"biodidaktik","gesunderz","28","0"
"biodidaktik","humanbioewf","25","0"
"biodidaktik","zoologieewf","27","0"
"biologie","biobibliothek","100","0"
"biologie","biochemiemath","4","0"
"biologie","biogeschaeftsfuehrung","100","0"
"biologie","biowerkstatt","100","0"
"biologie","botanik","1","0"
"biologie","ceplasbotanik","100","0"
"biologie","entwbiologie","0","0"
"biologie","genetik","2","0"
"biologie","zoologie","3","0"
"botanik","algensammlung","100","0"
"botanik","gradkolleg306","490","0"
"cafeterien","cafeasta","35","0"
"cafeterien","cafehauptgeb","29","0"
"cafeterien","cafelfi","33","0"
"cafeterien","cafelindenthal","34","0"
"cafeterien","cafephilos","30","0"
"cafeterien","cafesemgeb","100","0"
"cafeterien","cafeub","31","0"
"cafeterien","cafezentralmena","32","0"
"chemie","anorgchemie","36","0"
"chemie","biochemiemath","39","0"
"chemie","chemikalienausgabe","100","0"
"chemie","nuklearch","40","0"
"chemie","orgachem","37","0"
"chemie","physikchemie","38","0"
"chemie","theorchemie","41","0"
"corporatedevelopment","allgbwlbetrplanung","0","0"
"corporatedevelopment","allgbwlethik","2","0"
"corporatedevelopment","allgbwlorga","1","0"
"corporatedevelopment","allgbwlpersonal","3","0"
"dekanathf","bauangelegenheitenhf","100","0"
"dermatologie","forscheming","684","0"
"dermatologie","hautklinika","543","0"
"dermatologie","hautklinikb","544","0"
"dermatologie","hautkliniklabor","686","0"
"dermatologie","hautklinikpoli","683","0"
"deutscheurosozialrecht","sozialrecht151","608","0"
"deutschsprachlit","dynamicstructuring","100","0"
"deutschsprachlit2","deutschdidaktikz212","317","0"
"deutschsprachlit2","sprachlfoerderung","100","0"
"didaktikenmathnat","biodidaktik","0","0"
"didaktikenmathnat","chemiedidaktik","1","0"
"didaktikenmathnat","didaktiksachunterricht","5","0"
"didaktikenmathnat","geogrdidaktik","2","0"
"didaktikenmathnat","matheewf","3","0"
"didaktikenmathnat","physikewf","4","0"
"englischsem","englischsemadone","100","0"
"erziehungsozwiss","allgdidaktikschulforschung","504","0"
"erziehungsozwiss","bildungsphilosophie","502","0"
"erziehungsozwiss","vergleichendebildung","514","0"
"evangtheol","evangtheolks","100","0"
"evangtheol","evangtheolwbs","100","0"
"experimed","experimedlabor","100","0"
"fachschaft","fachschaftaegyptologie","0","0"
"fachschaft","fachschaftafrikanistik","1","0"
"fachschaft","fachschaftaltertumskunde","2","0"
"fachschaft","fachschaftanglistik","3","0"
"fachschaft","fachschaftangloamerika","4","0"
"fachschaft","fachschaftarchaeologie","5","0"
"fachschaft","fachschaftbaezw","6","0"
"fachschaft","fachschaftbiodidaktik","8","0"
"fachschaft","fachschaftbiologie","7","0"
"fachschaft","fachschaftbyzantinistik","9","0"
"fachschaft","fachschaftchemie","10","0"
"fachschaft","fachschaftchemiedidaktik","11","0"
"fachschaft","fachschaftchina","12","0"
"fachschaft","fachschaftdeutschsek1","13","0"
"fachschaft","fachschaftdiplomph","14","0"
"fachschaft","fachschaftenglisch","16","0"
"fachschaft","fachschafterziehungshilfe","17","0"
"fachschaft","fachschaftethnologie","18","0"
"fachschaft","fachschafteurechtslinguistik","67","0"
"fachschaft","fachschaftevtheologie","19","0"
"fachschaft","fachschaftew","15","0"
"fachschaft","fachschaftfenno","20","0"
"fachschaft","fachschaftgeographie","21","0"
"fachschaft","fachschaftgeographiesek1","22","0"
"fachschaft","fachschaftgeologie","23","0"
"fachschaft","fachschaftgeophysik","24","0"
"fachschaft","fachschaftgermanistik","25","0"
"fachschaft","fachschaftgeschichte","26","0"
"fachschaft","fachschaftgeschichtesek1","27","0"
"fachschaft","fachschaftheilgerontologie","28","0"
"fachschaft","fachschafthoeren","29","0"
"fachschaft","fachschaftifa","30","0"
"fachschaft","fachschaftindologie","31","0"
"fachschaft","fachschaftinformationsverarbe","32","0"
"fachschaft","fachschaftintegration","33","0"
"fachschaft","fachschaftislamwissenschaft","34","0"
"fachschaft","fachschaftjapanologie","35","0"
"fachschaft","fachschaftjudaistik","36","0"
"fachschaft","fachschaftjura","37","0"
"fachschaft","fachschaftkatheologie","38","0"
"fachschaft","fachschaftklassischephil","40","0"
"fachschaft","fachschaftkoerperbehpaed","41","0"
"fachschaft","fachschaftkunstgeschichte","39","0"
"fachschaft","fachschaftkunstsek1","42","0"
"fachschaft","fachschaftkunsttherapie","43","0"
"fachschaft","fachschaftlateinamerika","44","0"
"fachschaft","fachschaftlernbehpaed","45","0"
"fachschaft","fachschaftmalaiologie","46","0"
"fachschaft","fachschaftmathematik","47","0"
"fachschaft","fachschaftmathematiksek1","48","0"
"fachschaft","fachschaftmathnat","49","0"
"fachschaft","fachschaftmedien","50","0"
"fachschaft","fachschaftmeteorologie","51","0"
"fachschaft","fachschaftmineralogie","52","0"
"fachschaft","fachschaftmusik","53","0"
"fachschaft","fachschaftmusiksek1","54","0"
"fachschaft","fachschaftmusiktherapie","55","0"
"fachschaft","fachschaftneurowissenschaften","56","0"
"fachschaft","fachschaftniederlandistik","57","0"
"fachschaft","fachschaftpaedagogik","58","0"
"fachschaft","fachschaftphil","59","0"
"fachschaft","fachschaftphilosophie","60","0"
"fachschaft","fachschaftphonetik","61","0"
"fachschaft","fachschaftphysik","62","0"
"fachschaft","fachschaftphysiksek1","63","0"
"fachschaft","fachschaftpolitik","64","0"
"fachschaft","fachschaftpolitiksek1","65","0"
"fachschaft","fachschaftpsychologie","66","0"
"fachschaft","fachschaftregionalost","68","0"
"fachschaft","fachschaftrehaezwikb","100","0"
"fachschaft","fachschaftromanistik","69","0"
"fachschaft","fachschaftskandinavistik","70","0"
"fachschaft","fachschaftslavistik","71","0"
"fachschaft","fachschaftslistelust","100","0"
"fachschaft","fachschaftsonderpaed","72","0"
"fachschaft","fachschaftsoziologie","73","0"
"fachschaft","fachschaftsprachbehinderten","75","0"
"fachschaft","fachschaftsprachwissenschaft","76","0"
"fachschaft","fachschafttextil","77","0"
"fachschaft","fachschafttheater","78","0"
"fachschaft","fachschafturundfrueh","80","0"
"fachschaft","fachschaftwiso","81","0"
"fachschaft","fachschaftzahnmedizin","82","0"
"finance","allgbwlbank","100","0"
"finance","allgbwlcf","100","0"
"finance","allgbwlfinanz","100","0"
"finance","versicherlehre","100","0"
"finanzwiss","finanzwissfuest","48","0"
"finanzwiss","finanzwisskitterer","47","0"
"forschungbzuk","forschungbzukcontainer","100","0"
"gastroenter","zentraleendoskopie","100","0"
"genetik","genetikteaching","455","0"
"genetik","gradkolleg296","489","0"
"genetik","gradschoolbio","477","0"
"genetik","gradschoolgenetics","478","0"
"genetikgruppe","ccg","410","0"
"genetikgruppe","genetik","408","0"
"genetikgruppe","humangenetik","409","0"
"geogrdidaktik","geogrdidaktikedv","314","0"
"geogrdidaktik","geogrdidaktikhuman","313","0"
"geogrinst","acacia","470","0"
"geogrinst","ahe","469","0"
"geogrinst","centerqsga","540","0"
"geogrinst","geographiehaupt","55","0"
"geogrinst","geographierund","53","0"
"geogrinst","geographiesued","54","0"
"geogrinst","raumbilder","475","0"
"geoloinst","antarktisforschung","638","0"
"geoloinst","elgygytgyn","100","0"
"geoloinst","geobibliothek","473","0"
"geoloinst","geologie","471","0"
"geoloinst","geomuseum","474","0"
"geoloinst","mineralogie","472","0"
"geophysikmeteo","eurad","58","0"
"geophysikmeteo","explorphysik","59","0"
"geophysikmeteo","geophysik","56","0"
"geophysikmeteo","impetus","60","0"
"geophysikmeteo","meteorologie","57","0"
"geowiss","geogrinst","100","0"
"geowiss","geoloinst","100","0"
"geowiss","geophysikmeteo","100","0"
"geowiss","gradschoolgeo","100","0"
"geowiss","kristall","100","0"
"geschethik","ethikforschung","100","0"
"gesellschaftsrecht","arbwirechr","620","0"
"gesellschaftsrecht","buergrbilanz","618","0"
"gesellschaftsrecht","buergrhandel","619","0"
"gesellschaftsrecht","buergrwirtschaft","617","0"
"gesundoekomed","igke2","64","0"
"gleichstellunguni","gleichstellungbib","100","0"
"gradkolleg","gradkolleg1269","483","0"
"gradkolleg","gradkolleg296","487","0"
"gradkolleg","gradkolleg306","486","0"
"gradkolleg","gradkolleg549","485","0"
"gradkolleg","gradkolleg811","484","0"
"gradkolleg","juragraduiertenschule","100","0"
"gradschool","gradschoolbio","493","0"
"gradschool","gradschoolbiological","609","0"
"gradschool","gradschoolceplas","100","0"
"gradschool","gradschoolgenetics","494","0"
"gradschool","gradschoolmito","100","0"
"gradschool","gradschoolrtg1960","100","0"
"hausdruckereiuni","hausdruckereihf","2","0"
"hausdruckereiuni","hausdruckereihg","0","0"
"hausdruckereiuni","hausdruckereiphil","1","0"
"heilpaedagogik","allgheilpaed","0","0"
"heilpaedagogik","anthropologiereha","1","0"
"heilpaedagogik","arbreha","2","0"
"heilpaedagogik","bewegungserz","3","0"
"heilpaedagogik","didaktikgehoerlose","4","0"
"heilpaedagogik","didaktikrehabilitation","5","0"
"heilpaedagogik","entwicklungsfoerderung","6","0"
"heilpaedagogik","erziehungshilfe","7","0"
"heilpaedagogik","erziehungshilfesozarbeit","8","0"
"heilpaedagogik","heilppsychiatrie","18","0"
"heilpaedagogik","konzeptionfoerderung","9","0"
"heilpaedagogik","kunsterzhp","10","0"
"heilpaedagogik","musikerzhp","12","0"
"heilpaedagogik","neurowisshpf","13","0"
"heilpaedagogik","paedagogikdidaktikgeistigbeh","15","0"
"heilpaedagogik","paedagogikmenschenbeeintr","11","0"
"heilpaedagogik","paedagogikrehabehinderung","16","0"
"heilpaedagogik","paedhoergeschaedigt","14","0"
"heilpaedagogik","paedsprachstoerungen","17","0"
"heilpaedagogik","psychohpf1","20","0"
"heilpaedagogik","psychohpf2","21","0"
"heilpaedagogik","psychohpftherapie","19","0"
"heilpaedagogik","sondererziehunglernbehindert","23","0"
"heilpaedagogik","soziologiehpf","24","0"
"heilpaedagogik","sprachbehpaed","22","0"
"herzzentrum","anaesthesie","407","0"
"herzzentrum","herzthorax","405","0"
"herzzentrum","inneremed3","404","0"
"herzzentrum","kinderkardio","406","0"
"hilfsmittelseh","hilfsmittelsehgeb107","100","0"
"hilfsmittelseh","hilfsmittelsehgeb211","100","0"
"histsem","angloamerika","65","0"
"histsem","geschpublizistik","68","0"
"histsem","histkultur","402","0"
"histsem","ibero","66","0"
"histsem","kompetenznetzlateinamerika","100","0"
"histsem","osteuropagesch","67","0"
"histsem2","geschewf","61","0"
"histsem2","histsem21","100","0"
"histsem2","philsemewf","62","0"
"hochschulgruendernetz","gruenderbuero","100","0"
"infektiologie","infektiologie1","690","0"
"infektiologie","infektiologie2","691","0"
"infektiologie","infektiologies","689","0"
"informatik","bibliothekinformatik","538","0"
"informatik","informatikjuenger","69","0"
"informatik","informatiklang","70","0"
"informatik","informatikschrader","71","0"
"informatik","informatikspeckenmeyer","72","0"
"informationsverarbeitungphil","histkultur","623","0"
"informationsverarbeitungphil","sprachlinfo","622","0"
"inneremed1","cochranehmg","12","0"
"inneremed1","deutschcll","11","0"
"inneremed1","deutschhodgkin","10","0"
"inneremed1","infektiologie","3","0"
"inneremed1","inneremed1ambulanz","1","0"
"inneremed1","inneremed1laborexpinfekt","7","0"
"inneremed1","inneremed1laborhaemonk","6","0"
"inneremed1","inneremed1laborimmun","8","0"
"inneremed1","inneremed1laborkmt","5","0"
"inneremed1","inneremed1labortumorgenetik","9","0"
"inneremed1","inneremed1privat","2","1"
"inneremed1","inneremed1stationen","0","0"
"inneremed1","klinstudienzentrum","4","0"
"inneremed1ambulanz","gerinnungsambulanz","100","0"
"inneremed3","inneremed3laborherzmuskel","100","0"
"inneremed3","inneremed3laborpneumologie","100","0"
"inneremed4","nephrologieforschungslabor","100","0"
"inneremed4","zentralenotaufnahme","100","0"
"jeanmonnet","exact","100","0"
"jeanmonnet","jeanmonnet183","681","0"
"jeanmonnet183","proteus","100","0"
"jurfak","kompetenzzentrumjura","100","0"
"katholtheol","katholtheoewf","100","0"
"katholtheol","katholtheophil","100","0"
"kindergaerten","kindergparam","454","0"
"kindergaerten","kindergph","78","0"
"kindergaerten","kindergspielland","631","0"
"kindergaerten","kindergstadt1","73","0"
"kindergaerten","kinderguni1","74","0"
"kindergaerten","kinderguni2","75","0"
"kindergaerten","kinderguni3","76","0"
"kindergaerten","kinderguni4","77","0"
"kinderguni3","kinderguni3a","495","0"
"kinderpneumologie","kindermukoviszidose","100","0"
"kinderpoli","kinderadipositas","100","0"
"kinderpoli","kinderdiabetes","100","0"
"kinderpoli","kinderendokrinologie","100","0"
"kinderpoli","kindergastro","100","0"
"kinderpoli","kinderosteologie","100","0"
"kinderpoli","kinderrheumatologie ","100","0"
"klinstudienzentrum","haematologie","465","0"
"klinstudienzentrum","infektiologie1","466","0"
"klinstudienzentrum","infektiologie2","467","0"
"klinstudienzentrum","onkologie","468","0"
"klinstudienzentruminnere1","haematologie","100","0"
"klinstudienzentruminnere1","infektiologie1","100","0"
"klinstudienzentruminnere1","infektiologie2","100","0"
"klinstudienzentruminnere1","onkologie","100","0"
"klips","klipshf","2","0"
"klips","klipsphil","1","0"
"klips","klipswiso","0","0"
"koelnerkompetenznetz","centerscientificet","100","0"
"koelnstw","bafoeg","325","0"
"koelnstw","cafeterien","320","0"
"koelnstw","ici","321","0"
"koelnstw","infopoint","322","0"
"koelnstw","koelnstwdienste","318","0"
"koelnstw","mensen","319","0"
"koelnstw","psychoberatung","324","0"
"koelnstw","rotary","326","0"
"koelnstw","schreibzentrum","480","0"
"koordstwissenschaft","kinderuni","327","0"
"koordstwissenschaft","koordstgasthoerer","328","0"
"kristall","gradkolleg549","491","0"
"kunsthist","allgkunsthist","84","0"
"kunsthist","architekturkunsthist","85","0"
"kunsthist","prometheus","731","0"
"kunsttextilmusik","kunstdidaktik","633","0"
"kunsttextilmusik","kunsttheroriez212","636","0"
"kunsttextilmusik","musikewf","635","0"
"kunsttextilmusik","textil","634","0"
"kuratoriumdialyse","kuratoriumdialysenierenzentrum","100","0"
"landespruefamt1","landespruefamt1ghr","100","0"
"landespruefamt1","landespruefamt1gyge","100","0"
"landespruefamt2","staatlpruefamt1","156","0"
"landespruefamt2","staatlpruefamt2","155","0"
"linguistik","allgsprachwiss","86","0"
"linguistik","histvs","87","0"
"linguistik","phonetik","88","0"
"linguistik","sprachlinfo","89","0"
"luftweltraumrecht","weltraumrecht","100","0"
"makrooekonomik","centermacroeconomic","100","0"
"makrooekonomik","finanzwiss","100","0"
"makrooekonomik","staatswiss11","100","0"
"makrooekonomik","staatswiss4","100","0"
"makrooekonomik","wipolsem","100","0"
"marketing","allgbwlhandel","100","0"
"marketing","allgbwlmarkenmanagement","100","0"
"marketing","marktforschg","100","0"
"matheinst","gradkolleg1269","488","0"
"mathnatfak","geowissbachelor","100","0"
"medfitreha","medfitrehajugend","687","0"
"medienrecht","buergrurheberrecht","100","0"
"medienrecht","oeffrechteuropa","100","0"
"medizinmikrobio","hygiene","93","0"
"medizinmikrobio","medizinmikrobio2","92","0"
"medizinstatistik","medizinstatistikhaupt","94","0"
"medizinstatistik","medizinstatistikinformatik","95","0"
"medsoziologie","qualitaetsentwicklungevalreha","100","0"
"mensen","mensalfi","97","0"
"mensen","mensamed","98","0"
"mensen","zentralmensa","96","0"
"mikrooekonomik","staatswiss10","100","0"
"mikrooekonomik","staatswiss13","100","0"
"mikrooekonomik","staatswiss9","100","0"
"mikrooekonomik","wisogesch","100","0"
"mtla","mtla1","99","0"
"mtla","mtla2","100","0"
"mtla","mtla3","101","0"
"mtla","mtla4","102","0"
"netzwerkmedien","filmproduktion","499","0"
"netzwerkmedien","netzwerkmediencip","103","0"
"netzwerkmedien","netzwerkmedienlern","104","0"
"netzwerkmedien","netzwerkmedienpcservice","721","0"
"neurochirurgiezentrum","neuroreha","306","0"
"neurologie","neuropsycho","100","0"
"oekologie","bonkowski","100","0"
"oekologie","oekologiegrietherbusch","100","0"
"oekologie","oekologierheinstation","100","0"
"orgachem","arbeitskreisgiernoth","100","0"
"orgachem","biokat","100","0"
"orient","arabistik","450","0"
"orient","malaiologie","451","0"
"orthopaedie","unfall","100","0"
"ostasiaseminar","chinastudien","100","0"
"ostasiaseminar","japanologie","100","0"
"parkplaetze","pbiowiss","6","0"
"parkplaetze","pchemie","5","0"
"parkplaetze","pfrangenheim","8","0"
"parkplaetze","pgronewald","9","0"
"parkplaetze","pibw","7","0"
"parkplaetze","pme66","16","0"
"parkplaetze","pme8a","11","0"
"parkplaetze","pme8g","12","0"
"parkplaetze","pmefrauenklinik","15","0"
"parkplaetze","pmeortho","13","0"
"parkplaetze","pmezahnklinik","14","0"
"parkplaetze","pmezentral","10","0"
"parkplaetze","pphysik","4","0"
"parkplaetze","punibib","3","0"
"parkplaetze","punicenter","100","0"
"parkplaetze","pwisohochhaus","1","0"
"parkplaetze","pwisotrakt","2","0"
"personalratuni","personalratuninw","123","0"
"personalratuni","personalratuniwiss","122","0"
"pflegedir","wundmanagement","100","0"
"philsem","philsem1","100","0"
"physik","biophysik","100","0"
"physik","biophysik2","100","0"
"physik","kernphysik","125","0"
"physik","physik1","126","0"
"physik","physik2","127","0"
"physik","theorphysik","124","0"
"physik1","theoretiecheastrophysik","100","0"
"physik1","theoretischeastrophysik","100","0"
"physiologie","neurophys","308","0"
"physiologie","vegetativephys","309","0"
"politwiss","internationalepolitik","680","0"
"politwiss","jeanmonnet","725","0"
"politwiss","politischetheorie","724","0"
"politwiss","vergleichendepolitikwiss","726","0"
"pools","netzwerkmediencip","10","0"
"pools","poolcip","1","0"
"pools","poolewf","8","0"
"pools","poolinformatik","5","0"
"pools","poolkiosk","4","0"
"pools","poolmed","9","0"
"pools","poolphilfl","3","0"
"pools","poolphilvl","2","0"
"pools","poolrrzkb","0","0"
"pools","poolusb","7","0"
"pools","poolwiso","6","0"
"professionalcenter","professionalcenteribw","0","0"
"professionalcenter","professionalcenterphil","1","0"
"pruefamt","diplomewf","9","0"
"pruefamt","landespruefamt1","11","0"
"pruefamt","landespruefamt2","12","0"
"pruefamt","pruefbiologieba","100","1"
"pruefamt","pruefbiologiebachelor","2","0"
"pruefamt","pruefbiologiebs","100","1"
"pruefamt","pruefbiologiediplom","0","0"
"pruefamt","pruefbiologiemed","1","1"
"pruefamt","pruefbiologiemsc","100","1"
"pruefamt","pruefchemie","2","0"
"pruefamt","pruefchemiebachelor","3","0"
"pruefamt","pruefdiplomerziehungswiss","5","0"
"pruefamt","pruefezw","4","0"
"pruefamt","pruefgeographie","6","0"
"pruefamt","pruefgeologie","7","0"
"pruefamt","pruefgeophysikmeteo","8","0"
"pruefamt","pruefgesoekonomie","23","0"
"pruefamt","pruefjura","20","0"
"pruefamt","pruefjustiz","10","0"
"pruefamt","prueflandesamtmedizin","15","0"
"pruefamt","pruefmathematik","13","0"
"pruefamt","pruefmedizin","14","0"
"pruefamt","pruefmineralogie","16","0"
"pruefamt","pruefphilfak","17","0"
"pruefamt","pruefphysik","18","0"
"pruefamt","pruefpsych","19","0"
"pruefamt","pruefregional","21","0"
"pruefamt","pruefwinformatik","24","0"
"pruefamt","pruefwiso","22","0"
"pruefamt","pruefzahnvorpruefung","25","0"
"psychiatriekind","psychiatriekindjugendstation","100","0"
"psychologie","allgpsych1","0","0"
"psychologie","allgpsycho","1","0"
"psychologie","angewandtesozialpsychologie","2","0"
"psychologie","biopsycho","100","0"
"psychologie","diffpsych","3","0"
"psychologie","entwpsych","4","0"
"psychologie","klinpsych","5","0"
"psychologie","lernentwicklungsstoerungen","6","0"
"psychologie","orgawirtschaftspsycho","100","0"
"psychologie","paedpsych","7","0"
"psychologie","paedpsych2","8","0"
"psychologie","psychdiagnostik","9","0"
"psychologie","psychmeth","10","0"
"psychologie","socialandeconomiccognition ","100","0"
"psychologie","socialandeconomiccognitioni","11","0"
"psychologie","sozialpsych1","12","0"
"psychologie","sozialpsych2","13","0"
"psychosomatik","medpsych","411","0"
"regionalesrechenzentrum","rrzkb","0","0"
"regionalesrechenzentrum","rrzkbib","100","0"
"regionalesrechenzentrum","rrzkhelp","100","0"
"regionalesrechenzentrum","rrzkinfostand","100","0"
"regionalesrechenzentrum","rrzkkiosk","5","0"
"regionalesrechenzentrum","rrzkr1","1","0"
"regionalesrechenzentrum","rrzkr2","2","0"
"regionalesrechenzentrum","rrzkr3","3","0"
"regionalesrechenzentrum","rrzkssc","100","0"
"regionalesrechenzentrum","rrzkt","4","0"
"romsem","romsem1","100","0"
"schulen","gesundheitsschule","0","0"
"schulen","lehrmasseure","4","0"
"schulen","mtla","1","0"
"schulen","orthoptik","5","0"
"schulen","physiotherapie","3","0"
"seelsorge","evangseelsorge","148","0"
"seelsorge","katholseelsorge","149","0"
"soziologie","angewsoz","291","0"
"soziologie","fachschaftsoziologie","481","0"
"soziologie","soziologiefi","290","0"
"soziologie","soziologiesem","289","0"
"soziologiefi","koelnerzfss","293","0"
"soziologiefi","soziologiefigrein","292","0"
"staatswiss","koelnlabwifo","100","0"
"staatswiss","staatswiss10","0","0"
"staatswiss","staatswiss11","1","0"
"staatswiss","staatswiss12","3","0"
"staatswiss","staatswiss13","0","0"
"staatswiss","staatswiss3","4","0"
"staatswiss","staatswiss4","5","0"
"staatswiss","staatswiss5","6","0"
"staatswiss","staatswiss6","7","0"
"staatswiss","staatswiss7","2","0"
"staatswiss","staatswiss8","9","0"
"staatswiss","staatswiss9","8","0"
"staatswiss","staatswisskoelnlabwifo","11","0"
"staatswiss","volkswirtschaftbib","10","0"
"staatswiss5","desigbehavior","100","0"
"statistik","agmedstatistik","100","0"
"statistik","mathestat","166","0"
"statistik","medizinstatistik","168","0"
"statistik","wisostat","167","0"
"strafrecht","strafrecht1","0","0"
"strafrecht","strafrecht3","1","0"
"strafrecht","strafrecht4","2","0"
"strafrecht","strafrecht5","5","0"
"strafrecht","strafrecht6","4","0"
"strafrecht","strafrecht7","3","0"
"studentverbindg","alsatia","0","0"
"studentverbindg","ascania","1","0"
"studentverbindg","asgard","2","0"
"studentverbindg","copierpresse","3","0"
"studentverbindg","francoguestphalia","4","0"
"studentverbindg","germania","5","0"
"studentverbindg","grotenburg","6","0"
"studentverbindg","hansea","7","0"
"studentverbindg","hanseaberlin","8","0"
"studentverbindg","hubertus","9","0"
"studentverbindg","leipzigsuevia","10","0"
"studentverbindg","leopoldina","11","0"
"studentverbindg","macaria","12","0"
"studentverbindg","markomanniawestmark","14","0"
"studentverbindg","merovingiazittavia","15","0"
"studentverbindg","nibelung","16","0"
"studentverbindg","rappoltstein","17","0"
"studentverbindg","rheinland","18","0"
"studentverbindg","rheinpfalz","19","0"
"studentverbindg","rheinstein","20","0"
"studentverbindg","rhenobaltia","21","0"
"studentverbindg","rhenocolonia","22","0"
"studentverbindg","silingiabreslau","23","0"
"studentverbindg","suevia","24","0"
"studentverbindg","unitas","25","0"
"studentverbindg","unitaslandshut","26","0"
"studentverbindg","vereindeutscherstudenten","27","0"
"studentverbindg","wartburg","28","0"
"studentverbindg","wingolf","29","0"
"studienberatung","studienberatunghuman","7","0"
"studienberatung","studienberatungjura","2","0"
"studienberatung","studienberatungmathnat","5","0"
"studienberatung","studienberatungmathnatdidaktik","6","0"
"studienberatung","studienberatungmedizin","4","0"
"studienberatung","studienberatungphil","3","0"
"studienberatung","studienberatungwiso","0","0"
"studienberatung","studienberatungwisolehramt","1","0"
"studienberatung","zentralstudber","8","0"
"studiendekanat","pjstartblock","100","0"
"supply","allgbwlproduktion","100","0"
"supply","allgbwlscm","100","0"
"theaterfilm","theaterfilm1","100","0"
"theaterfilm","zuckertv","496","0"
"transplantation","transplantationmerheim","175","0"
"transplantation","transplantationuni","174","0"
"ukit","klinrz0","264","0"
"ukit","klinrz1","265","0"
"ukit","klinrz2","266","0"
"ukit","klinrz3","267","0"
"ukit","klinrz4","682","0"
"unibib","deutschzentralbib","100","0"
"unibib","europdokzentrum","179","0"
"unibib","unibibchemie","180","0"
"unibib","unibibewa","177","0"
"urfrueh","afrikaforschung","181","0"
"urfrueh","heinrbarth","186","0"
"urfrueh","urfruehafrika","185","0"
"urfrueh","urfruehaltstein","182","0"
"urfrueh","urfruehdendro","183","0"
"urfrueh","urfruehmetall","452","0"
"urfrueh","urfruehreitia","453","0"
"urologie","urologielabor","298","0"
"vergleichendebildung","bildungkindheit","100","0"
"vergleichendebildung","entwlaender","517","0"
"vergleichendebildung","genderforschung","100","0"
"vergleichendebildung","historischebildungsforschung","150","0"
"vergleichendebildung","interkultur","720","0"
"vergleichendebildung","interkulturellebildung","151","0"
"vergleichendebildung","lehrlernforschung","152","0"
"vergleichendebildung","politikewf","153","0"
"vergleichendebildung","sozialwissoekonombildung","100","0"
"vergleichendebildung","soziologieewf","154","0"
"vergleichendebildung","soziologiegender","512","0"
"vergleichendebildung","vergleichendeerziehung","515","0"
"vergleichendebildung","wiwiewf","516","0"
"vergleichendepolitikwiss","vergleichendepolitikwiss1","100","0"
"verwmed","apotheke","31","0"
"verwmed","betriebsarzt","35","0"
"verwmed","datenschutzmed","32","0"
"verwmed","feuerwehr","36","0"
"verwmed","gleichstellungmed","33","0"
"verwmed","hausdruckereimed","19","2"
"verwmed","kinderguni3","37","0"
"verwmed","klinikangelegenheiten","12","1"
"verwmed","kommunikationmed","7","1"
"verwmed","krankenhaushygiene","43","0"
"verwmed","medfacilities","38","0"
"verwmed","medfitreha","40","0"
"verwmed","medizinversorgungszentrum","41","0"
"verwmed","meduniserv","39","0"
"verwmed","opmanagement","13","1"
"verwmed","schwerbehindertklinik","34","0"
"verwmed","steriserv","42","0"
"verwmed","ukit","29","0"
"verwmed","verwmed0","0","0"
"verwmed","verwmed02","8","1"
"verwmed","verwmed03","11","1"
"verwmed","verwmed04","3","2"
"verwmed","verwmed05","5","1"
"verwmed","verwmed06","6","1"
"verwmed","verwmed0entwicklung","10","1"
"verwmed","verwmed0hochschulrecht","4","2"
"verwmed","verwmed0justiziariat","2","2"
"verwmed","verwmed0recht","1","1"
"verwmed","verwmed1","14","0"
"verwmed","verwmed11","9","1"
"verwmed","verwmed12","15","1"
"verwmed","verwmed122","17","1"
"verwmed","verwmed13","16","1"
"verwmed","verwmed2","18","0"
"verwmed","verwmed3","20","0"
"verwmed","verwmed31","21","1"
"verwmed","verwmed32","22","1"
"verwmed","verwmed33","23","1"
"verwmed","verwmed34","24","1"
"verwmed","verwmed4","25","0"
"verwmed","verwmed41","26","1"
"verwmed","verwmed42","27","1"
"verwmed","verwmed43","28","1"
"verwmed","zentralbereichms","30","0"
"verwuni","akauslandsamt","9","1"
"verwuni","arbeitsumweltschutz","4","1"
"verwuni","beihilfe","23","2"
"verwuni","besonderestudien","14","1"
"verwuni","campussport","15","1"
"verwuni","datenschutzuni","5","1"
"verwuni","deutschalsfremdsprache","10","2"
"verwuni","hausdruckereiuni","21","2"
"verwuni","justitiariat","3","1"
"verwuni","kanzler","0","0"
"verwuni","marketingservices","16","1"
"verwuni","studiersekr","13","1"
"verwuni","verwuni01","1","0"
"verwuni","verwuni02","2","0"
"verwuni","verwuni024","6","1"
"verwuni","verwuni1","7","0"
"verwuni","verwuni2","11","0"
"verwuni","verwuni3","17","0"
"verwuni","verwuni31","18","1"
"verwuni","verwuni32","19","1"
"verwuni","verwuni33","20","1"
"verwuni","verwuni34","22","1"
"verwuni","verwuni4","24","0"
"verwuni","verwuni41","25","1"
"verwuni","verwuni42","26","1"
"verwuni","verwuni5","27","0"
"verwuni","verwuni51","28","1"
"verwuni","verwuni6","33","0"
"verwuni","verwuni7","100","0"
"verwuni","verwuni8","100","0"
"verwuni","zentralstudber","12","1"
"verwuni1","verwuni11","100","0"
"verwuni1","verwuni12","100","0"
"verwuni1","verwuni13","100","0"
"verwuni1","verwuni14","100","0"
"verwuni11","studienstifniess","0","0"
"verwuni4","verwuni43","100","0"
"verwuni42","verwuni421","100","0"
"verwuni44","reisekostenstelle","100","0"
"verwuni44","verwuni441","100","0"
"verwuni5","verwuni52","100","0"
"verwuni5","verwuni53","100","0"
"verwuni5","verwuni54","100","0"
"verwuni5","verwuni55","100","0"
"verwuni54","verwuni541","100","0"
"verwuni54","verwuni542","100","0"
"verwuni54","verwuni543","100","0"
"verwuni54","verwuni544","100","0"
"verwuni54","verwuni545","100","0"
"verwuni544","verwuni544park","100","0"
"verwuni6","verwuni601","100","0"
"verwuni6","verwuni61","100","0"
"verwuni6","verwuni62","100","0"
"verwuni6","verwuni63","100","0"
"verwuni63","verwuni633","100","0"
"verwuni8","verwuni81","100","0"
"verwuni8","verwuni82","100","0"
"volkswirtschaftbib","volkswirtschaftbib1","100","0"
"volkswirtschaftbib","volkswirtschaftbib2","100","0"
"wiberufspaed","wisopaed1","100","0"
"wiinfo","bibliothekinformatik","539","0"
"wiinfo","informationsmanage","535","0"
"wiinfo","informationsystems ","100","0"
"wiinfo","integrierteinformationssysteme","100","0"
"wiinfo","opresearchwi","536","0"
"wiinfo","systementw","537","0"
"wipolitik","wipolsemanderegg","100","0"
"wipolitik","wipolsemeekhoff","100","0"
"wipolsem","wipolsemanderegg","254","0"
"wisostat","wisostatbomsdorf","704","0"
"wisostat","wisostatbreitung","100","0"
"wisostat","wisostatliesenfeld","100","0"
"wisostat","wisostatmosler","705","0"
"wisostat","wisostatschmid","706","0"
"zahnmundkiefer","kieferorthopaedie","257","0"
"zahnmundkiefer","mundkgchirurgie","621","0"
"zahnmundkiefer","vorklinzahn","261","0"
"zahnmundkiefer","zahnerhaltg","260","0"
"zahnmundkiefer","zahnproth","259","0"
"zentralbereichms","bildungszentrum","624","0"
"zentrumanatomie","anatomiewodarz","100","0"
"zentrumempwiso","zentrumempwiso1","100","0"
"zentrumintbez","zentrumintbezezw","4","0"
"zentrumintbez","zentrumintbezjura","1","0"
"zentrumintbez","zentrumintbezmathnat","100","0"
"zentrumintbez","zentrumintbezmed","3","0"
"zentrumintbez","zentrumintbezphil","2","0"
"zentrumintbez","zentrumintbezwiso","0","0"
"zentrumklinischestudien","zentrumklinischestudienmedizin","100","0"
"zentrumklinischestudien","zentrumklinischestudienmethode","100","0"
"zentrumlehrerbildung","gradschulefachdidaktik","100","0"
"zentrummedienwiss","allgbwlmedien","276","0"
"zentrummedienwiss","histkultur","274","0"
"zentrummedienwiss","medienrecht","100","0"
"zentrummedienwiss","theaterfilm","273","0"
"zentrummk","zentrummkbio","3","0"
"zentrummk","zentrummkdigilab","4","0"
"zentrummk","zentrummkfg","1","0"
"zentrummk","zentrummkgs","0","0"
"zentrummk","zentrummkth","2","0"
"zoologie","expmorphologie","457","0"
"zoologie","oekologie","456","0"
"zoologie","tierphysiologie","458","0"
"zzhoersaele","zzhs00aula","0","0"
"zzhoersaele","zzhs00aula1","100","0"
"zzhoersaele","zzhs00aula2","100","0"
"zzhoersaele","zzhs01","2","0"
"zzhoersaele","zzhs02","3","0"
"zzhoersaele","zzhs05","4","0"
"zzhoersaele","zzhs06","5","0"
"zzhoersaele","zzhs07a","6","0"
"zzhoersaele","zzhs07b","7","0"
"zzhoersaele","zzhs08","10","0"
"zzhoersaele","zzhs11a","8","0"
"zzhoersaele","zzhs11b","9","0"
"zzhoersaele","zzhs12","11","0"
"zzhoersaele","zzhs13","12","0"
"zzhoersaele","zzhs17a","13","0"
"zzhoersaele","zzhs17b","14","0"
"zzhoersaele","zzhs18","15","0"
"zzhoersaele","zzhs21","16","0"
"zzhoersaele","zzhs23","17","0"
"zzhoersaele","zzhs24","18","0"
"zzhoersaele","zzhs25","19","0"
"zzhoersaele","zzhsa1","20","0"
"zzhoersaele","zzhsa2","21","0"
"zzhoersaele","zzhsb","22","0"
"zzhoersaele","zzhsc","23","0"
"zzhoersaele","zzhsd","24","0"
"zzhoersaele","zzhse","25","0"
"zzhoersaele","zzhsf","26","0"
"zzhoersaele","zzhsg","27","0"
"zzhoersaele","zzhshf1","28","0"
"zzhoersaele","zzhshf2","29","0"
"zzhoersaele","zzhshf3","30","0"
"zzhoersaele","zzhshf4","31","0"
"zzhoersaele","zzhshfaula","1","0"
"zzhoersaele","zzhshpi","32","0"
"zzhoersaele","zzhshpii","33","0"
"zzhoersaele","zzhsp52","53","0"
"zzhoersaele","zzhsp54","52","0"
"zzhoersaele","zzhsp55","54","0"
"zzhoersaele","zzhsp56","55","0"
"zzhoersaele","zzhsp57","56","0"
"zzhoersaele","zzhsp58","57","0"
"zzhoersaele","zzhsp61","58","0"
"zzhoersaele","zzhsp63","59","0"
"zzhoersaele","zzhsp65","60","0"
"zzhoersaele","zzhsp66","61","0"
"zzhoersaele","zzhsp67","62","0"
"zzhoersaele","zzhsp68","63","0"
"zzhoersaele","zzhsp69","64","0"
"zzhoersaele","zzhsp72","65","0"
"zzhoersaele","zzhsp73","66","0"
"zzhoersaele","zzhsp74","67","0"
"zzhoersaele","zzhsp75","68","0"
"zzhoersaele","zzhsp76","69","0"
"zzhoersaele","zzhsp78","70","0"
"zzhoersaele","zzhsp80","34","0"
"zzhoersaele","zzhsp81","71","0"
"zzhoersaele","zzhsp82","72","0"
"zzhoersaele","zzhsp83","73","0"
"zzhoersaele","zzhsp84","74","0"
"zzhoersaele","zzhsp85","75","0"
"zzhoersaele","zzhsp87","76","0"
"zzhoersaele","zzhsp89","77","0"
"zzhoersaele","zzhsp90","78","0"
"zzhoersaele","zzhsp91","79","0"
"zzhoersaele","zzhsp92","80","0"
"zzhoersaele","zzhsp93","81","0"
"zzhoersaele","zzhsp94","82","0"
"zzhoersaele","zzhsr103","86","0"
"zzhoersaele","zzhsr110","87","0"
"zzhoersaele","zzhsr119","88","0"
"zzhoersaele","zzhsr122","89","0"
"zzhoersaele","zzhsr134","90","0"
"zzhoersaele","zzhsr136","91","0"
"zzhoersaele","zzhsr141","92","0"
"zzhoersaele","zzhsr172","93","0"
"zzhoersaele","zzhsr201","94","0"
"zzhoersaele","zzhsr211","95","0"
"zzhoersaele","zzhsr227","96","0"
"zzhoersaele","zzhsr236","97","0"
"zzhoersaele","zzhsr254","98","0"
"zzhoersaele","zzhsr310a","99","0"
"zzhoersaele","zzhsr316","100","0"
"zzhoersaele","zzhsr323","101","0"
"zzhoersaele","zzhsr324","102","0"
"zzhoersaele","zzhsr327","103","0"
"zzhoersaele","zzhsr369","104","0"
"zzhoersaele","zzhss004","51","0"
"zzhoersaele","zzhss006","50","0"
"zzhoersaele","zzhss01","37","0"
"zzhoersaele","zzhss1","35","0"
"zzhoersaele","zzhss100","83","0"
"zzhoersaele","zzhss105","84","0"
"zzhoersaele","zzhss11","38","0"
"zzhoersaele","zzhss110","85","0"
"zzhoersaele","zzhss12","39","0"
"zzhoersaele","zzhss13","40","0"
"zzhoersaele","zzhss14","41","0"
"zzhoersaele","zzhss15","42","0"
"zzhoersaele","zzhss16","43","0"
"zzhoersaele","zzhss2","36","0"
"zzhoersaele","zzhss21","44","0"
"zzhoersaele","zzhss22","45","0"
"zzhoersaele","zzhss23","46","0"
"zzhoersaele","zzhss24","47","0"
"zzhoersaele","zzhss25","48","0"
"zzhoersaele","zzhss26","49","0"
"zzhoersaele","zzhswisofakultaetsitzungssaal","100","0"
"zzhoersaele","zzpcrz012","100","0"
"zzhoersaele","zzpcrz013","100","0"
"zzhoersaele","zzpcrz101","100","0"
"zzhoersaele","zzpcrz102","100","0"
"zzmhoersaele","zzmanahs1","10","0"
"zzmhoersaele","zzmanahs2","11","0"
"zzmhoersaele","zzmanahs3","12","0"
"zzmhoersaele","zzmlfihs1","0","0"
"zzmhoersaele","zzmlfihs2","1","0"
"zzmhoersaele","zzmlfihs3","2","0"
"zzmhoersaele","zzmlfihs4","3","0"
"zzmhoersaele","zzmlfihs5","4","0"
"zzmhoersaele","zzmlfihs6","5","0"
"zzmhoersaele","zzmlfir1","6","0"
"zzmhoersaele","zzmlfir2","7","0"
"zzmhoersaele","zzmlfir3","8","0"
"zzmhoersaele","zzmlfir4","9","0"
"zzmhoersaele","zzmmtihs1","13","0"
"zzmhoersaele","zzmmtihs2","14","0"
"zzmhoersaele","zzmmtisr1","15","0"
"zzmhoersaele","zzmpatho","100","0"
"zzmhoersaele","zzmshk1","100","0"
"zzmhoersaele","zzmshk2","100","0"
"zzmhoersaele","zzmshk3","100","0"
"zzmhoersaele","zzmshs1","100","0"
"zzmhoersaele","zzmshs2","100","0"
"zzmhoersaele","zzmshs3","100","0"
"zzmhoersaele","zzmshs4","100","0"
"zzmhoersaele","zzmshs5","100","0"
"zzmhoersaele","zzmshs6","100","0"
"zzmhoersaele","zzmsht1","100","0"
"zzmhoersaele","zzmsht2","100","0"
"zzmhoersaele","zzmsht3","100","0"
"zzmhoersaele","zzmsht4","100","0"
"zzmhoersaele","zzmshu1","100","0"
"zzmhoersaele","zzmshu2","100","0"
"zzmhoersaele","zzmshu3","100","0"
"zzmhoersaele","zzmshu4","100","0"
"zzmhoersaele","zzmshu5","100","0"
"zzmhoersaele","zzmshu6","100","0"
"zzmhoersaele","zzmshu7","100","0"
"zzmhoersaele","zzmshu8","100","0"
"zzmhoersaele","zzmshu9","100","0"
"zzmhoersaele","zzmzahnhs1","16","0"
"zzmhoersaele","zzmzahnhs2","17","0"
