"9","3","gczuH_jhi@RtA`Ag@TpAIDLd@`GaDIk@IDSoAdAi@UyA[RJv@e@VOw@WRHn@_@VQu@YPHf@}@f@Mo@WPFx@_@XMs@[NHv@_@PKs@"
"12","9","owyuHiehi@DNBpAZQPz@IFNz@ZQEUROBNBA?Kf@GEoA]TAGROSgAa@TIc@C?@F"
"14","19","ioyuH{qhi@TMQ{@UP"
"17","2","g_yuHurei@F`@fAc@Ea@SHAIDCK}@WLJz@DA?H"
"19","4","ulzuHedhi@HXJNh@WIe@BAl@nDNIEUDAAIrDqBi@aDMHGIKBEX]PKOIH?N_@XKSKHAVWHKe@WRH`@CBDHG?U["
"20","5","oizuHk_hi@XOy@kFUTJ^GD"
"21","6","aizuHqahi@FXnDqBk@cDOJIMIFAR_@TKMIFAR]RIOKHAR[RJl@b@YFRGDJr@DEBV"
"23","7","kuyuHokhi@o@wDtAw@j@|D"
"24","8","k}yuHwwgi@EICFCIDIG[JGEYKJKg@HGKo@GDG]NKG_@LECMv@]BLFIAI^KFd@Nd@IHf@x@JEl@`@DV{Ap@G]ULFXe@P?H"
"26","14","m~xuHcmei@lAg@Km@kAj@"
"29","17","gryuHaohi@VOO{@WP"
"30","18","uryuH}phi@VOQ}@WN"
"31","20","_{yuHc~hi@f@_@Jd@HIGUdAw@Mk@ZUc@qBYTEKk@b@?Ni@^BLIFCOQN"
"32","21","u}yuH{dii@Hb@VMAGx@e@QcAmBhAFZPMAIb@UBR"
"34","23","c{yuH}gii@Os@hA_APr@"
"35","24","}fyuHuhhi@NQa@kAQP"
"37","27","qgyuH{}gi@TKOiAUJ"
"41","31","eqyuHylgi@Fb@NIBLVMGa@DCBHFEEUOHKq@BCIc@i@ZHb@PKHb@C@BVEBAM"
"43","33","aeyuHc|ei@]qCvAs@^rC"
"44","34","kuyuH}lgi@G[dAg@CKJEHd@"
"46","37","_uyuHyggi@XO]sBYN"
"47","35","}uyuHmkgi@XOY{AWP"
"48","42","_wyuHmggi@Os@SLI]r@c@TrA"
"49","45","{eyuHqwei@XOAIJGi@qDOH@FULJj@KFDVJG"
"50","46","iwyuHkagi@EUPMDT"
"51","47","awyuHw`gi@PMGSOL"
"52","48","{vyuH_`gi@RKGYQL"
"53","50","}qyuHmtfi@TKYeBSN"
"54","51","iryuHa_gi@RIIe@QJ"
"55","52","csyuHuxfi@TQKg@UR"
"56","53","q|xuHusei@OcCVGGs@VIJ|AHELdBYFMaBGBJxA"
"57","54","oczuHq|gi@Ia@RMHb@"
"58","55","wazuH{tgi@d@WGg@i@Z"
"59","56","k_zuHwsgi@Aa@PEDZ"
"60","57","i_zuHapgi@PACo@MB@LC?"
"63","60","q{xuHaoei@ZKSaCa@P"
"64","61","k}yuHylgi@G_@PIF^"
"65","59","g}yuH_ogi@DZRIG]"
"66","62","ibzuH_jgi@Gg@n@YBw@VA?xA"
"67","63","q|yuHmigi@Gk@`@OHj@"
"68","64","}`zuHyfgi@PIIk@QH"
"70","66","_zyuHoagi@NIG_@OF"
"71","67","otyuHcwei@b@CCm@a@D"
"72","68","c|yuHqwfi@Gg@lAg@Ff@"
"74","70","kezuHkafi@"
"75","70","kczuHw_fi@`@QGk@g@R"
"77","72","ayzuH{jgi@XOKk@OHBNIF"
"79","74","}zzuHengi@G_@PKF`@"
"80","75","yyzuHyegi@TOUaAUN"
"81","76","imzuHk`fi@VKEY]N@BB?"
"82","77","aoyuHa|ei@Jp@HEACr@YAEp@[Gc@q@Z@Li@XEU"
"83","78","_cyuHegei@c@cAX_@`@fA"
"84","79","opyuHg{ei@}@sANa@DFDIGKJ[\l@OVEGCHh@z@"
"88","80","a`{uHgigi@XCEwAUP"
"89","81","}b{uHgggi@VAAMF??]M??OI??XE?"
"90","82","{a{uHadgi@R??wAU?"
"92","84","wo{uH{dgi@V??o@U?"
"93","85","{n{uHg~fi@L??a@M?"
"94","86","gsyuHkwei@ZC?KF?@ZFA?EPA?DJ??Y@GFQ_@m@GNEEDIY_@GLFJCFECKx@"
"95","87","se{uHgyfi@?w@lA??a@T??^dBA?x@gB??^U@?a@"
"96","88","q~zuHixfi@`AAc@wB_@@?^TADXC??CI??LH?@CB?FVc@@"
"97","89","{~zuHetfi@?yAbBA?xA"
"98","90","i}zuH_mfi@V?AwBW@"
"100","91","ye{uHekfi@AaAt@A?y@S??u@RA?{@w@??{@dB??|@a@??z@xDA?v@}A?D`@]?Ba@kA??z@r@??bA"
"101","92","yd{uH_ofi@?y@zECAz@{A?B^[?B_@"
"102","93","}e{uHurfi@?}@bBC?`A"
"103","94","ye{uHgkfi@A_AnBA?bA"
"104","95","k`{uHijfi@h@A?kAk@@"
"105","96","atyuHu_fi@Gq@@?Iu@XM@DFAAGPGHr@IBHr@"
"109","101","se{uHiiei@TCAu@_@B?RHA"
"111","103","moyuH_~ei@a@{Ch@UHn@ZOCK\O\hC[NSwAGDCMQJBNFCD`@EDD\"
"114","106","{gyuH}qei@Ke@VOHp@"
"115","107","oiyuHy_fi@VKCOE@G_@@ACUYLDXJEBZCB"
"116","108","_iyuHacfi@Fd@VML`AXMm@yDk@ZKk@YTe@OC`@HBJv@CHNNVm@r@YHz@"
"117","109","_iyuHacfi@Hd@TMLbAXMm@wDULPlA"
"118","110","okyuHscfi@PNRk@r@YEUSJIi@]Pc@KC\DBDTCHD@DV"
"119","111","yjyuHg_fi@R??CD?@c@G??IA??GOA?HA??JE??`@D?"
"120","114","ybyuHakei@HZRSK_@"
"121","115","wcyuH{wei@O_A^QL|@"
"122","1","q|xuHsiei@K]VSCYf@QAIRGCWTIFr@IBBZJEDp@UFCYSHCY]JBP"
"123","116","gjyuH_{ei@Ku@RKKm@~@a@TjB[NPpA[JGk@DCIk@"
"124","117","owyuHmoii@Mm@FYnAaAFRh@[Lx@i@b@AJSQ"
"125","118","}xyuHuoii@GKBCc@_A^k@^x@FBCXEAQV@B"
"127","121","avyuHk|ii@TZ|@aCWY"
"128","122","koyuHsnii@XS[yAYR"
"129","123","gkyuHauei@HJDGPTDK@I@IBI?G?ME??QAQCMCOCIEGFSIMKIKGMEMAI@KBIDIFEFEFCHEFDHAJJJBGFHADHFBIDGDEBAAIJADAHBD@DDBDCD@JHA@H@JE?@J?NCHCL"
"131","125","_vyuHmhii@TQg@{CWP"
"132","126","yqyuH}kii@g@wCXQf@vC"
"135","15","cqyuHcnhi@FZn@]G]"
"137","28","ggyuH{qgi@c@NWaCb@QDZEBLfABA"
"141","127","muyuHanii@ZlB|@i@[kBSJ@?WNA?"
"142","128","kmyuHsmfi@b@hDhBy@e@iDgAf@"
"143","129","ktyuHmfii@GUZWJ^OJCG"
"144","130","}nyuHy|hi@[eA|@}@Uw@xDyDb@vAWTz@tCk@h@s@eCk@f@v@fCk@l@w@kC_@^JX"
"145","131","}nyuHy|hi@[eA|@}@Wy@f@c@f@dBc@`@JX"
"146","132","ojyuHg|hi@]mA]mA~B}Bz@tCm@h@q@gCk@h@x@fC"
"147","133","mjyuHacii@a@wAvAuAb@vA"
"148","134","q`yuHq_ii@wAeCS\}@}AfEgI~@zAcAlB|AdCi@bAyAcCc@t@xAhC"
"149","135","{eyuHweii@`@r@hAuBc@u@"
"150","136","o`yuHo_ii@yAgCf@aAxAhC"
"151","137","}`yuHqgii@xAdCh@cA}AeC"
"152","138","cayuHqmii@Xf@n@mAYg@"
"155","140","udyuHc}hi@S}AJCB@FGBJBAB?B@B@@BBB@D@BBPXM@Jw@\BP"
"156","141","g`yuHywhi@i@sAPUh@rA"
"157","143","}dyuH}uhi@Io@vAu@Hn@"
"158","144","ifyuH_uhi@Io@h@SDp@"
"159","145","gfyuH_uhi@ZMGi@[P"
"160","146","ofyuHevhi@Ki@FGJl@"
"161","147","khyuHothi@]k@LY^n@"
"162","148","azxuH}iii@a@a@J]b@b@"
"163","149","inyuH{ffi@`@O_@gD_@N"
"165","151","uvxuHwphi@f@n@BGDFLYJL`@kAa@k@[v@GGGPIKf@qA[_@_@~@X\IN"
"166","152","etyuHkdfi@[cDnBy@ZhD"
"168","154","ovyuHscfi@b@Sg@uCa@V"
"169","155","avyuHqgfi@Ik@^OHh@"
"170","157","o_yuHokfi@Gc@HEAE^QHp@]PAG"
"171","158","efyuH_qei@[yBdB}@ZzB"
"172","159","_dyuH{nfi@\vBJGM_Af@WvAw@Kw@MFMw@JGMs@{BjALr@h@YLx@"
"173","161","o_yuHuyfi@XOQ{@WN"
"174","162","{swuHetji@y@}@Ne@x@z@"
"178","165","eeyuHgufi@i@qDpAo@PfAKFFb@^WPfA_Ah@OgAHGE]]PTdB"
"179","166","kkyuH{vfi@\IEi@h@Il@tDb@YEWEBm@yDQLAEAAC?ABABAD@Be@HIkA]D"
"180","167","wmyuHcofi@XQGYFE_@sBOFCOQL"
"181","168","}nyuHwcgi@PlAt@_@G_@e@VIo@"
"182","169","ulyuH_vfi@oAt@]qBnAy@`@hBEB"
"183","170","ooyuHmxfi@UNe@kC\U^|BGD"
"184","171","g`yuHa}fi@Q_ACBEYBCSeAd@]Ln@YNAEEDH^HGD\GHBJ\UJn@"
"185","172","oiyuHuzfi@m@kEhDaBl@hE"
"186","173","gfyuHqggi@DRPKBPVMIe@EBa@qCQJEYKFF`@LGF`@GDLx@FED^KF@J"
"187","174","}hyuHodgi@{@d@E@CAC?EECCCEAGAI?G?I@E@G@GBEBCBCjB_AN`Au@^"
"188","175","sdyuH_kei@f@c@GWTSm@uBa@^DNYZ"
"189","176","}myuH{igi@TKQcAKFFVIF"
"190","177","cnyuH}dgi@Jj@TQe@{CSJBLSJM}@MJRxAVOBRWLFd@f@U@J"
"192","181","mkyuHslgi@Fl@nAo@Io@[NAMFEEa@GBCQ`@SIe@gAh@Fd@`@QBRI@F^DABN"
"193","182","cmyuHcmgi@QgAJG@DVM@BFCB\QDAIKHHj@"
"194","183","slyuHwegi@QmAZSPlA"
"195","184","}pyuHodfi@"
"196","184","wqyuHqcfi@EWj@SBZ"
"197","185","ihyuHmlei@DHNWGM"
"198","186","smyuHmnei@K_@NQJ`@"
"199","187","yryuHe~ei@LQEEFOMUGNECKR"
"200","188","ebyuH{qei@QeACBGYFCCKBKbB}@Lt@IZIEBGECEO{@`@AJPhA"
"201","189","ydyuHsbfi@CWYPW_BdB{@R~A[P@R"
"203","191","ikyuH{ggi@Ig@NIHh@"
"204","192","shyuHghgi@WcB`@UFb@MFN~@"
"205","193","ozxuHqgei@Kc@XUHb@"
"206","196","ymyuHoaei@CUTIBT"
"207","197","gayuHwiei@SsAVM]qBjAm@p@rEkAl@CK"
"208","200","s~xuHoyei@BLCLBNBHFFF@DADAOaAfAi@eAaH_Af@Ie@`Ac@Mw@oAl@E_@lAo@Ow@kAj@Kk@pAu@Oq@eB|@Lr@HEVfBQJLt@NKHf@NIFb@r@vEa@VN~@"
"209","201","muxuH_iei@"
"210","201","ouxuHihei@H^JIK_@"
"211","202","quxuH_gei@K_@LIH^"
"212","203","iyxuH}qdi@Su@T]V`A"
"213","204","}zxuH_vdi@Ok@TYPl@"
"214","205","evxuHc|di@Vh@Xc@Wi@"
"215","206","usxuHcwdi@Yk@\k@Xn@"
"216","207","kvxuHcvdi@Wm@\i@Xn@"
"217","208","{cyuH{rdi@"
"218","208","wyxuHmvdi@Vj@\g@Wk@"
"219","211","os|uH}fei@[WT_ABBFUzAnAUbAGENo@IIQt@_@[Nk@UO"
"220","212","gwwuHygci@?UD??q@L@@\H@ARC?AR"
"221","213","svwuHe_ci@VCEsABAAUC@C{@WD"
"222","214","svwuHe_ci@VEEoABAAWC?Cy@WD"
"223","215","}|zuHyrci@`@ECs@WBAMI@"
"224","216","k{zuHisci@JAGeBK@"
"225","217","e~zuH{uci@CUp@I@V"
"227","218","ijzuHm|ei@Gc@x@_@Hb@"
"228","219","sy~uHwthi@Tp@TYM]@CAEFGOa@INFR"
"229","220","y_}uHei`i@JDNBLBN@LCJCHAFE?SCOIFMDI@G@EE@IK@?HG?KCIEECCN"
"231","225","ciyuHadli@ZcAFFFQTVGRK\?TKR"
"232","226","wjtuHi`pi@Ca@\IBb@"
"233","227","w{tuHy}qi@Oo@b@[Nn@"
"234","228","_zuuHc}qi@I]vBkBFV"
"235","229","maluH}mfj@eAL?DWDC]WHOcBXMEUVIpAU@^mAL?DSHNzARE?GdAK"
"241","230","a|{uHac`j@vDl@H}B}ASCGaAOQX"
"242","230","_~{uH{d`j@y@YIt@EECRnA^DUIEF]D@BMGAD_@NFX{CRFDk@SGP{BaA[B]KEEd@QGUbCQEE^RDYtClA\"
"243","231","{u`vHkjxj@ZEC[]D@FGB?P"
"245","234","a~xuHsyei@N`AM@KGEMASBKAKWJMaAXO]cCpAo@n@lE"
"246","235","m}xuHsafi@iAl@QoAjAi@"
"247","236","aayuHkcfi@Ky@xAu@Lz@"
"248","237","iayuHkffi@M{@lAm@Jz@"
"249","238","ybyuHkifi@Ks@bB}@Lt@"
"250","239","_ayuHkzei@"
"251","239","_ayuHkzei@w@kFfAm@v@jF"
"252","240","qsyuH{tei@NGG_@M@"
"253","241","{ayuHsbgi@I]RMFZ"
"254","244","ky}uHgdni@@o@xBBAh@oACAH"
"255","247","y~yuHgbki@MYNSLV"
"256","232","asb{Hwhue@PIGg@QH"
"257","249","qw}uHqfni@NA@]QA"
"258","250","e`xuHuhhi@OUd@oANV"
"259","252","}oyuHcjfi@Ga@RKD`@"
"260","253","kgyuH_wfi@BCDPVOWyA[R"
"261","254","}ryuHqqii@yAkHt@i@zAjH"
"262","255","apyuHirii@LICOMH"
"263","257","ce_vHwtni@B{IbCD?TAX@N?LBLBLDK^v@EJBBFFHBHBFAJ?HAEvD"
"264","258","ygzvHi{fj@"
"265","258","a}qwH__sh@W\Vn@dA{AO]QTQg@PWO]QTUi@Va@Qc@}@jARj@RWPh@Yb@L\Zc@Rf@IJ"
"266","259","u|yuHa_fi@G]VMFZ"
"268","264","qmyuHeigi@COJE@L"
"269","269","sazuHc}gi@AKEBG_@DCAITM@HDEFb@E@@J"
"270","287","uhyuHydai@SeC`@KRlCWF"
"271","288","emyuHy|fi@FGFXz@c@YeBy@b@F^OJ"
"272","289","}bzuH_}gi@Gc@RKBTFEBNKF?BIDAE"
"273","290","}dyuH}uhi@Io@vAu@Hn@"
"274","291","m}yuHkogi@UiARMThA"
"275","292","_~zuHqqfi@?QZ??P"
"276","303","ipyuHquhi@NOQq@_@^L^LM"
"277","305","}kxuHksci@\m@BBFMDJBC\p@k@`A"
"278","306","}ixuHmrci@N[h@jAQX"
"279","311","oayuHg|ei@q@\Mq@`@UHd@RM"
"280","312","wo{uH}bgi@?}@V??|@"
"281","313","ujxuHa`ii@VXJYWY"
"282","314","q~xuHehfi@Ms@^ULx@"
"283","318","eo{uHm{fi@?g@tB@?f@"
"284","319","}o{uHczfi@VA?oAW?"
"285","319","}o{uHczfi@VA?oAW?"
"286","320","_p{uHazfi@@uAd@?A?hBB?f@gB???G?E?Ad@"
"287","321","yf|uHmjgi@rBf@Fy@sBi@AA"
"288","322","u_yuHocii@LUVd@MV"
"289","323","kezuHswhi@U?SQKSGWE]Ac@B[L_@AKIHKc@f@c@Jb@OLCKMLFTn@a@RM~CmBb@FVh@Jz@M`A"
"290","331","awzuH_vfi@YkATQXhA"
"291","332","m}xuHiuei@Ey@NABv@"
"292","333","khyuHopfi@Hl@tAm@Ig@}@d@AI"
"293","341","wryuHogmi@KYHMBCB?@BDD`@h@WR"
"294","334","mcyuHobhi@EQRUDP"
"295","335","msyuHkhgi@[yBz@_@XvB"
"296","336","{ryuH}egi@Ik@`Ag@Hj@"
"297","337","inyuHysii@Vf@nAuBYk@"
"299","339","gpyuHergi@F`@PIJp@~@e@QqAYND`@a@P??I_@"
"300","340","geyuHmwgi@Dh@l@UGi@EB@N]LAO"
"301","342","st~uHsebi@VJJeAUI"
"302","344","ulzuHg~gi@KaAZQLdA"
"304","346","mcyuHsvei@ZSGg@]R"
"305","347","u~xuHiyei@oAh@UgBRMHh@v@a@"
"306","348","{}yuHmdii@Hb@VMCKFCGc@WL@H"
"307","349","cuyuHa|gi@bB}@I_@BEKWo@x@o@D@^BA"
"308","350","_fzuHogfi@Gk@?@K{@NG@H@ADVC@@HDA@F@DFh@"
"309","352","mruuHaeoi@Ca@`ASBb@c@FAHK@AE"
"310","353","_s~uHysoi@PRb@sAQQ"
"313","357","krxuHadhi@Wa@M]x@aAVZKXSWS\X^"
"314","358","odfvHqpci@z@pBt@iA}@uB"
"315","359","oowuHkiji@"
"316","359","{vwuHosji@jApAN]Co@YCOOY["
"317","360","{e{uH}ufi@?q@nAC?p@"
"318","361","{qxuH_ahi@R]c@cAQd@"
"319","362","}syuHeggi@XzAe@XYyA"
"320","363","m~xuHsaii@PXb@iAQW"
"321","364","wqyuH{~gi@x@i@Mk@w@h@"
"322","365","gryuHqbhi@CU^QJl@_@R"
"324","371","_myuHs{hi@z@A]iAa@`@"
"326","12","omyuHsahi@Kk@|Ay@Jj@_@RDPMHEU"
"327","16","qqyuHulhi@UkAVORjA"
"328","22","kiyuHgwei@LfAr@]BTPIIo@VMGg@i@VGc@SHF^"
"329","29","ugyuHisgi@IBGa@JE"
"330","30","yhyuHqugi@BRNGCU"
"331","32","aryuHepgi@EUNGDR"
"334","120","kyyuHowii@DLBJ@DDFDDDDD?F@D?HCBCDGDGDM@O@M?KAI?GCEBCKYSXDHBHBF?LAFCJIDEBGAGCAECGAGCG"
"337","370","iwyuHk{ii@Pi@HHSh@"
"339","338","alyuHepfi@_@_C|@i@Hd@NIG]NKZjBQJIe@OHLt@"
"340","10","moyuHm`hi@ZQBRHCEUhAm@DTLIEQ^Sg@{Cg@VCSa@PBRc@VIi@m@\NjALITlAMH"
"341","11","mnyuHwfhi@HGCS^SDRf@URhAsAr@"
"342","58","m}yuHkogi@G_@PMH^"
"343","262","u}yuHkpgi@Mi@RMJh@"
"345","104","mvzuHidei@PD?CVA?[S@@QQE"
"346","105","gwzuH_dei@FAASJ?Ae@O@?EG??\A??^FA"
"347","148","q{xuH{fii@Y]^qANNY|@JL"
"348","320","ok{uHk{fi@?g@mCA?pAVA?i@"
"349","369","mn{uHifgi@p@??cAI?@Wf@F@c@wAQ?b@d@F?Za@?"
"350","372","unyuHejhi@G]b@WF\"
"352","124","avyuHshii@VOEYpBmABLXQg@yCYPF\sBlAEOUP"
"353","373","aazuH}zgi@Kq@VOJp@"
"354","351","qjyuHezii@`A`B^u@aA_B"
"355","374","_azuHgfhi@EWJGDT"
"356","378","agyuH_cii@Uu@RQRt@"
"357","379","yo{uHihgi@BqAb@F?b@KAAf@"
"358","380","k_xuHy~gi@L]HLKZ"
"359","381","atyuHsygi@Ee@n@[H`@"
"360","382","{kyuH_jgi@a@TW}A`@W"
"363","97","kf{uHclei@Ag@ZC?Eh@E?DJAC}@XCDpBWB?K"
"365","102","gf{uHmkei@AUd@E@T"
"367","98","sc{uH_jei@CcAVCBdA"
"371","383","_wyuHmkgi@QgAi@XPfA"
"374","386","{~vuHergi@g@g@J_@f@f@"
"375","387","if{uHgfji@Ak@p@EJb@UNAG"
"376","388","gdcvHwv`i@@gBcA??hB"
"377","389","ad{uHctsi@IwCbASEaAq@BQQGUhDi@XhFoAVB`@"
"378","390","_pxuHycoi@O{Cn@E?lC"
"379","391","mk{uHmn|h@`@sJbDVi@~J"
"380","392","st}uHwnni@uCKViFbCrA"
"381","394","u}zuHylni@f@EKiA_@N"
"382","393","uflvHq{cm@yFHAyC|F}B"
"383","395","oozuH}vfi@Kk@VQKm@^UJp@LGJj@"
"384","396","{n{uHchni@W?AoAc@A@g@x@@"
"386","164","ekwuHexji@?qAJ??kAX?AdBI??v@"
"387","397","yjwuHc}ji@?{AH?AcAV??bAG?@zA"
"388","398","{ewuHyvji@@}QT?A|Q"
"391","399","ea{uHeoei@Ai@NCEqA\CDzB"
"392","384","w`{uHspei@CqAXCDpA"
"393","385","ea{uHgoei@Ag@j@G@h@"
"394","400","u|yuHmdii@Iq@e@TBFQNG]lBgAP`A"
"395","402","a|wuHifji@ZF\qAUQ"
"396","401","}zwuHeiji@Lc@zB`COX"
"397","403","aqxuHo{ci@[w@RWXv@"
"398","404","k`zuHeqgi@a@@Aw@b@A"
"399","405","wgzuHmahi@Hj@dCuAKk@"
"400","125","iuyuHciii@WNg@uCTQ"
