{"type":"table","name":"Aliase","database":"lageplan","data":
[
{"id":"2","Aliaskuerzel":"allgbwlrisiko","Aliasname":"Allgemeine Betriebswirtschaftslehre, Risikomanagement und Versicherungslehre","Institutskuerzel":"versicherlehre"},
{"id":"4","Aliaskuerzel":"anwaltnotarrecht","Aliasname":"Anwalts- und Notarrecht, Dokumentationszentrum","Institutskuerzel":"europaanwrecht"},
{"id":"5","Aliaskuerzel":"bankbetr","Aliasname":"Bankbetriebslehre","Institutskuerzel":"allgbwlbank"},
{"id":"6","Aliaskuerzel":"stavv","Aliasname":"StAVV - Studierendenausschuss der Vollversammlung (der Humanwiss. Fak.)","Institutskuerzel":"fachschaftew"},
{"id":"9","Aliaskuerzel":"betwsteuer","Aliasname":"Betriebswirtschaftliche Steuerlehre","Institutskuerzel":"allgbwlbetrsteuer"},
{"id":"10","Aliaskuerzel":"bib","Aliasname":"Bibliothek der Universität","Institutskuerzel":"unibib"},
{"id":"11","Aliaskuerzel":"bilanzstrecht","Aliasname":"Bilanz- und Steuerrecht","Institutskuerzel":"buergrbilanz"},
{"id":"12","Aliaskuerzel":"buergrdhandel","Aliasname":"Bürgerliches Recht, Deutsches und Internationales Handels-, Wirtschafts- und Bankrecht, Internationales Privatrecht","Institutskuerzel":"bankrecht"},
{"id":"15","Aliaskuerzel":"controllingmed","Aliasname":"Controlling (Med. Fak.)","Institutskuerzel":"zentralbereichms"},
{"id":"16","Aliaskuerzel":"controllingwiso","Aliasname":"Controlling (WiSo Fak.)","Institutskuerzel":"allgbwlcontrolling"},
{"id":"20","Aliaskuerzel":"epidemiologie","Aliasname":"Epidemiologie","Institutskuerzel":"medizinstatistik"},
{"id":"21","Aliaskuerzel":"ethik","Aliasname":"Ethik (Geschichte und Ethik der Medizin)","Institutskuerzel":"geschethik"},
{"id":"23","Aliaskuerzel":"fakultaetsrat","Aliasname":"Fakultätsrat der Math-Nat. Fakultät","Institutskuerzel":"fachschaftmathnat"},
{"id":"24","Aliaskuerzel":"fgs","Aliasname":"FGS - Förderung des Gasthörer- und Seniorenstudiums","Institutskuerzel":"vereinfoerder"},
{"id":"25","Aliaskuerzel":"finanzlehre","Aliasname":"Finanzierungslehre","Institutskuerzel":"allgbwlfinanz"},
{"id":"27","Aliaskuerzel":"forschtransfer","Aliasname":"Forschungstransfer","Institutskuerzel":"drittmittel"},
{"id":"28","Aliaskuerzel":"fortune","Aliasname":"Fortune (Forschungspool der Med. Fakultät)","Institutskuerzel":"koelnfortune"},
{"id":"29","Aliaskuerzel":"gasthoerer","Aliasname":"Gasthörer (Koordinierungsstelle)","Institutskuerzel":"koordstgasthoerer"},
{"id":"31","Aliaskuerzel":"geochemie","Aliasname":"Geochemie","Institutskuerzel":"mineralogie"},
{"id":"32","Aliaskuerzel":"gesundmanage","Aliasname":"Gesundheitswesen (Management)","Institutskuerzel":"allgbwlgesundheit"},
{"id":"34","Aliaskuerzel":"grosserklausuren","Aliasname":"Großer Examens- und Klausurenkurs","Institutskuerzel":"klausurenkurs"},
{"id":"35","Aliaskuerzel":"gynaekologie","Aliasname":"Gynäkologie","Institutskuerzel":"frauenheilkunde"},
{"id":"36","Aliaskuerzel":"handeldistribution","Aliasname":"Handel und Kundenmanagement","Institutskuerzel":"allgbwlhandel"},
{"id":"37","Aliaskuerzel":"handelgesrecht","Aliasname":"Handels- und Gesellschaftsrecht, Arbeitsrecht und Europäische Privatrechtsentwicklung","Institutskuerzel":"buergrhandel"},
{"id":"38","Aliaskuerzel":"handelrechtschutz","Aliasname":"Handels- und Gesellschaftsrecht und Gewerblicher Rechtsschutz","Institutskuerzel":"buergrrechtschutz"},
{"id":"39","Aliaskuerzel":"hautklinik","Aliasname":"Hautklinik","Institutskuerzel":"dermatologie"},
{"id":"40","Aliaskuerzel":"heilppsycho1","Aliasname":"Heilpädagogische Psychologie (Prof. Fengler)","Institutskuerzel":"psychohpf1"},
{"id":"41","Aliaskuerzel":"hochsportuni","Aliasname":"Hochschulsport (Uni)","Institutskuerzel":"campussport"},
{"id":"43","Aliaskuerzel":"informationkommtech","Aliasname":"Informations- und Kommunikationstechnologie (Med. Fak.)","Institutskuerzel":"ukit"},
{"id":"45","Aliaskuerzel":"judaistik","Aliasname":"Judaistik","Institutskuerzel":"martinbuber"},
{"id":"46","Aliaskuerzel":"kinderheil","Aliasname":"Kinderheilkunde (Kinderklinik)","Institutskuerzel":"allgkinder"},
{"id":"47","Aliaskuerzel":"kinderjpsych","Aliasname":"Kinder- und Jugendpsychiatrie","Institutskuerzel":"psychiatriekind"},
{"id":"48","Aliaskuerzel":"klinrz","Aliasname":"uk-it Köln Bonn","Institutskuerzel":"ukit"},
{"id":"49","Aliaskuerzel":"koelnalumni","Aliasname":"Köln Alumni (Absolventennetzwerk der Uni Köln)","Institutskuerzel":"alumni"},
{"id":"53","Aliaskuerzel":"labmolneuro","Aliasname":"Laboratorium für Molekulare Neuroforschung","Institutskuerzel":"molekulneuro"},
{"id":"54","Aliaskuerzel":"lehrkrnkhs","Aliasname":"Lehrkrankenhäuser","Institutskuerzel":"akadlehrkrkhs"},
{"id":"55","Aliaskuerzel":"lehrlatein","Aliasname":"Lehr- und Forschungszentrum Lateinamerika (LFZL)","Institutskuerzel":"zentrumlateinamerika"},
{"id":"56","Aliaskuerzel":"lehrphysio","Aliasname":"Lehranstalt für Physiotherapie","Institutskuerzel":"physiotherapie"},
{"id":"58","Aliaskuerzel":"medienmanage","Aliasname":"Medienmanagement","Institutskuerzel":"allgbwlmedien"},
{"id":"60","Aliaskuerzel":"medizincontrolling","Aliasname":"Medizinisches Controlling","Institutskuerzel":"zentralbereichms"},
{"id":"61","Aliaskuerzel":"medizinzentralbib","Aliasname":"Medizinische Zentralbibliothek","Institutskuerzel":"deutschzentralbib"},
{"id":"62","Aliaskuerzel":"medsynergien","Aliasname":"Medizinische Synergien","Institutskuerzel":"zentralbereichms"},
{"id":"64","Aliaskuerzel":"naturheil","Aliasname":"Naturheilverfahren","Institutskuerzel":"wisseval"},
{"id":"70","Aliaskuerzel":"paedwiso","Aliasname":"Pädagogik (WiSo Fak.)","Institutskuerzel":"wisopaed"},
{"id":"71","Aliaskuerzel":"personalwirt","Aliasname":"Personalwirtschaftslehre","Institutskuerzel":"allgbwlpersonal"},
{"id":"73","Aliaskuerzel":"pmv","Aliasname":"PMV Forschungsgruppe","Institutskuerzel":"forschprimaermed"},
{"id":"74","Aliaskuerzel":"pneumologie","Aliasname":"Pneumologie","Institutskuerzel":"inneremed3"},
{"id":"76","Aliaskuerzel":"privatrecht","Aliasname":"Privatrecht, internationales und ausländisches","Institutskuerzel":"internationarecht"},
{"id":"77","Aliaskuerzel":"privatrechtsgesch","Aliasname":"Privatrechtsgeschichte, neuere","Institutskuerzel":"neueprivatrecht"},
{"id":"78","Aliaskuerzel":"produktionswirt","Aliasname":"Produktionswirtschaft","Institutskuerzel":"allgbwlproduktion"},
{"id":"81","Aliaskuerzel":"psychiatriehpf","Aliasname":"Psychiatrie, heilpädagogisch","Institutskuerzel":"heilppsychiatrie"},
{"id":"82","Aliaskuerzel":"psychowiso","Aliasname":"Psychologie (WiSo Fak.)","Institutskuerzel":"wisopsych"},
{"id":"84","Aliaskuerzel":"risiko","Aliasname":"Risikomanagement und Versicherungslehre","Institutskuerzel":"versicherlehre"},
{"id":"87","Aliaskuerzel":"schulpaedagogik","Aliasname":"Schulpädagogik","Institutskuerzel":"allgdidaktik"},
{"id":"88","Aliaskuerzel":"senioren","Aliasname":"Seniorenstudium (Koordinierungsstelle)","Institutskuerzel":"koordstgasthoerer"},
{"id":"90","Aliaskuerzel":"sozialmedizin","Aliasname":"Sozialmedizin","Institutskuerzel":"arbmed"},
{"id":"91","Aliaskuerzel":"sozialwg","Aliasname":"Sozial- und Wirtschaftsgeschichte","Institutskuerzel":"wisogesch"},
{"id":"92","Aliaskuerzel":"soziologiemed","Aliasname":"Soziologie, medizinische","Institutskuerzel":"medsoziologie"},
{"id":"93","Aliaskuerzel":"sportasta","Aliasname":"Sportprogramm (Asta)","Institutskuerzel":"hochsport"},
{"id":"94","Aliaskuerzel":"sportuni","Aliasname":"Sportprogramm (Uni)","Institutskuerzel":"campussport"},
{"id":"95","Aliaskuerzel":"sprechrat","Aliasname":"SprecherInnenrat der Philosphischen Fakultät","Institutskuerzel":"fachschaftphil"},
{"id":"96","Aliaskuerzel":"staatllehrorthoptik","Aliasname":"Staatl. Lehranstalt für Orthoptistinnen","Institutskuerzel":"orthoptik"},
{"id":"97","Aliaskuerzel":"staatlbauamt","Aliasname":"Staatliches Bauamt Köln I","Institutskuerzel":"bauamt"},
{"id":"98","Aliaskuerzel":"steuerlehre","Aliasname":"Steuerlehre (Allg. BWL)","Institutskuerzel":"allgbwlbetrsteuer"},
{"id":"100","Aliaskuerzel":"studentenwerk","Aliasname":"Studierendenwerk","Institutskuerzel":"koelnstw"},
{"id":"101","Aliaskuerzel":"supplychain","Aliasname":"Supply Chain Management und Management Science","Institutskuerzel":"allgbwlscm"},
{"id":"103","Aliaskuerzel":"theologieev","Aliasname":"Theologie, Evangelische","Institutskuerzel":"evangtheol"},
{"id":"106","Aliaskuerzel":"treuhand","Aliasname":"Treuhandseminar (Wirtschaftsprüfung)","Institutskuerzel":"allgbwlwipruefung"},
{"id":"107","Aliaskuerzel":"uhrmacher","Aliasname":"Uhrmacher-Institut für klinische HNO-Forschung","Institutskuerzel":"jeanuhrmacher"},
{"id":"108","Aliaskuerzel":"unisport","Aliasname":"Universitätssport","Institutskuerzel":"campussport"},
{"id":"109","Aliaskuerzel":"verbindungen","Aliasname":"Verbindungen","Institutskuerzel":"studentverbindg"},
{"id":"110","Aliaskuerzel":"wipruef","Aliasname":"Wirtschaftsprüfung","Institutskuerzel":"allgbwlwipruefung"},
{"id":"112","Aliaskuerzel":"wissenschaftsrecht","Aliasname":"Wissenschaftsrecht","Institutskuerzel":"deutscheuroparecht"},
{"id":"113","Aliaskuerzel":"zentralbib","Aliasname":"Zentralbibliothek für Medizin","Institutskuerzel":"deutschzentralbib"},
{"id":"114","Aliaskuerzel":"zentrallabor","Aliasname":"Zentrallabor","Institutskuerzel":"klinchem"},
{"id":"116","Aliaskuerzel":"zentrumzahn","Aliasname":"Zentrum für Zahn , Mund  und Kieferheilkunde","Institutskuerzel":"zahnmundkiefer"},
{"id":"117","Aliaskuerzel":"zivilprozessrecht","Aliasname":"Zivilprozessrecht und Rechtsphilosophie","Institutskuerzel":"medizinrecht"},
{"id":"120","Aliaskuerzel":"gewerblrechtsschutz","Aliasname":"Gewerblicher Rechtsschutz","Institutskuerzel":"buergrrechtschutz"},
{"id":"121","Aliaskuerzel":"corporatefin","Aliasname":"Corporate Finance","Institutskuerzel":"allgbwlcf"},
{"id":"122","Aliaskuerzel":"uebersetzung","Aliasname":"Übersetzungs- und Dolmetscherdienst","Institutskuerzel":"akuedo"},
{"id":"124","Aliaskuerzel":"hauptseminar","Aliasname":"Hauptseminar (rechtswissenschaftliches)","Institutskuerzel":"rechtwiss"},
{"id":"125","Aliaskuerzel":"koelncampus","Aliasname":"KölnCampus (Kölner Hochschulradio)","Institutskuerzel":"hochradio"},
{"id":"126","Aliaskuerzel":"campuswelle","Aliasname":"Campuswelle Köln (Kölner Hochschulradio)","Institutskuerzel":"hochradio"},
{"id":"127","Aliaskuerzel":"europarecht","Aliasname":"Europarecht (Recht der Europäischen Union)","Institutskuerzel":"rechteuropa"},
{"id":"128","Aliaskuerzel":"supplychainprod","Aliasname":"Supply Chain Management und Produktion","Institutskuerzel":"allgbwlproduktion"},
{"id":"129","Aliaskuerzel":"empwisozentrum","Aliasname":"Empirische Wirtschafts- und Sozialforschung (Zentrum)","Institutskuerzel":"zentrumempwiso"},
{"id":"130","Aliaskuerzel":"untfuehrung","Aliasname":"Unternehmensführung und Logistik","Institutskuerzel":"allgbwlbetrplanung"},
{"id":"132","Aliaskuerzel":"blutspende","Aliasname":"Blutspendezentrale","Institutskuerzel":"transfusion"},
{"id":"133","Aliaskuerzel":"sozialpsycho","Aliasname":"Sozialpsychologie (WiSo-Fak.)","Institutskuerzel":"wisopsych"},
{"id":"137","Aliaskuerzel":"notfallmedizin","Aliasname":"Notfallmedizin","Institutskuerzel":"zentralintensivnotfall"},
{"id":"139","Aliaskuerzel":"allgemeinmedizin","Aliasname":"Allgemeinmedizin (Schwerpunkt)","Institutskuerzel":"schwerpunktam"},
{"id":"140","Aliaskuerzel":"lateinamerika","Aliasname":"Lateinamerika (Lehr- und Forschungszentrum)","Institutskuerzel":"zentrumlateinamerika"},
{"id":"141","Aliaskuerzel":"publizistik","Aliasname":"Publizistik (Geschichte)","Institutskuerzel":"geschpublizistik"},
{"id":"142","Aliaskuerzel":"islamwissenschaft","Aliasname":"Islamwissenschaft (Orientalische Philologie)","Institutskuerzel":"arabistik"},
{"id":"143","Aliaskuerzel":"indophilo","Aliasname":"Indonesische Philologie","Institutskuerzel":"malaiologie"},
{"id":"144","Aliaskuerzel":"dokuzentrumeuranwrecht","Aliasname":"Dokumentationszentrum Europäisches Anwalts- und Notarrecht","Institutskuerzel":"europaanwrecht"},
{"id":"145","Aliaskuerzel":"forschungafrika","Aliasname":"Forschungstelle Afrika","Institutskuerzel":"afrikaforschung"},
{"id":"146","Aliaskuerzel":"archafrika","Aliasname":"Archäologie und Geschichte Afrikas","Institutskuerzel":"heinrbarth"},
{"id":"149","Aliaskuerzel":"seismo","Aliasname":"Seismologische Station","Institutskuerzel":"erdbeben"},
{"id":"151","Aliaskuerzel":"fsk","Aliasname":"FSK - Fachschafts-Konferenz","Institutskuerzel":"unifsk"},
{"id":"152","Aliaskuerzel":"kardiologie","Aliasname":"Kardiologie","Institutskuerzel":"inneremed3"},
{"id":"153","Aliaskuerzel":"palaeontologie","Aliasname":"Paläontologie","Institutskuerzel":"geologie"},
{"id":"154","Aliaskuerzel":"kosmochemie","Aliasname":"Kosmochemie","Institutskuerzel":"mineralogie"},
{"id":"155","Aliaskuerzel":"hepatologie","Aliasname":"Hepatologie und Gastroenterologie","Institutskuerzel":"gastroenter"},
{"id":"156","Aliaskuerzel":"wirtschaftsforschung","Aliasname":"Wirtschaftsforschung, Labor","Institutskuerzel":"koelnlabwifo"},
{"id":"158","Aliaskuerzel":"rechtswissfak","Aliasname":"Rechtswissenschaftliche Fakultät","Institutskuerzel":"jurfak"},
{"id":"159","Aliaskuerzel":"wirecht","Aliasname":"Wirtschaftsrecht","Institutskuerzel":"buergrwirtschaft"},
{"id":"160","Aliaskuerzel":"internationwrecht","Aliasname":"Internationales Wirtschaftsrecht","Institutskuerzel":"voelkerrechteuropa"},
{"id":"161","Aliaskuerzel":"vereinfoerderrechtswiss","Aliasname":"Verein zur Förderung der Rechtswissenschaft","Institutskuerzel":"foerdervereinrechtswiss"},
{"id":"162","Aliaskuerzel":"prothetikzahn","Aliasname":"Prothetik, zahnärztliche","Institutskuerzel":"zahnproth"},
{"id":"163","Aliaskuerzel":"berufswisopaed","Aliasname":"Berufs-, Wirtschafts- und Sozialpädagogik","Institutskuerzel":"wisopaed"},
{"id":"164","Aliaskuerzel":"deutschdidaktik","Aliasname":"Deutsche Sprache und ihre Didaktik","Institutskuerzel":"deutschsprachlit2"},
{"id":"165","Aliaskuerzel":"englischdidaktik","Aliasname":"Englische Sprache und ihre Didaktik","Institutskuerzel":"englischsem2"},
{"id":"166","Aliaskuerzel":"geschphil","Aliasname":"Geschichte und Philosophie","Institutskuerzel":"histsem2"},
{"id":"167","Aliaskuerzel":"sozialwissewf","Aliasname":"Sozialwissenschaften (Humanwiss. Fak.)","Institutskuerzel":"vergleichendebildung"},
{"id":"169","Aliaskuerzel":"audiomz","Aliasname":"Audiovisuelles Medienzentrum (AVMZ)","Institutskuerzel":"filmproduktion"},
{"id":"170","Aliaskuerzel":"antikekulturen","Aliasname":"Antike Kulturen des Mittelmeerraumes (Lehr- und Forschungszentrum)","Institutskuerzel":"zentrumantikekulturen"},
{"id":"171","Aliaskuerzel":"intertranskult","Aliasname":"Inter- und Transkulturelle Studien (Zentrum)","Institutskuerzel":"zentruminterkult"},
{"id":"172","Aliaskuerzel":"medienwisskoeln","Aliasname":"Medienwissenschaften Köln (Zentrum)","Institutskuerzel":"zentrummedienwiss"},
{"id":"173","Aliaskuerzel":"mittelalterstudien","Aliasname":"Mittelalterstudien (Zentrum)","Institutskuerzel":"zentrummittelalter"},
{"id":"174","Aliaskuerzel":"moderne","Aliasname":"Moderneforschung (Zentrum)","Institutskuerzel":"zentrummoderne"},
{"id":"175","Aliaskuerzel":"osteuropa","Aliasname":"Osteuropa (Zentrum)","Institutskuerzel":"zentrumosteuropa"},
{"id":"177","Aliaskuerzel":"vergleicheus","Aliasname":"Vergleichende Europäische Studien (Zentrum)","Institutskuerzel":"zentrumvergleicheus"},
{"id":"178","Aliaskuerzel":"strafrechtausl","Aliasname":"Strafrecht, ausländisches und internationales","Institutskuerzel":"auslrecht"},
{"id":"179","Aliaskuerzel":"verwaltungslehre","Aliasname":"Verwaltungslehre, öffentliches Recht","Institutskuerzel":"oeffrechtverw"},
{"id":"180","Aliaskuerzel":"voelkereuroparecht","Aliasname":"Völker- und Europarecht, Öffentliches Recht","Institutskuerzel":"oeffrechtvoelker"},
{"id":"181","Aliaskuerzel":"risikomanagement","Aliasname":"Risikomanagement, Graduiertenkolleg","Institutskuerzel":"gradkolleg811"},
{"id":"182","Aliaskuerzel":"unternehmensentwicklung","Aliasname":"Unternehmensentwicklung und Organisation","Institutskuerzel":"allgbwlorga"},
{"id":"183","Aliaskuerzel":"geschwisodv","Aliasname":"Geschäftsstelle für Datenverarbeitungssysteme der WiSo Fakultät","Institutskuerzel":"wisoit"},
{"id":"184","Aliaskuerzel":"erziehungskultursoziologie","Aliasname":"Erziehungs- und Kultursoziologie","Institutskuerzel":"soziologieewf"},
{"id":"185","Aliaskuerzel":"arbeitskreisportugallateinamer","Aliasname":"Arbeitskreis Spanien-Portugal-Lateinamerika (ASPLA)","Institutskuerzel":"spanienportu"},
{"id":"186","Aliaskuerzel":"differentiellepsych","Aliasname":"Differentielle Psychologie","Institutskuerzel":"sozialpsych2"},
{"id":"187","Aliaskuerzel":"innovativetechno","Aliasname":"Innovative Technologien, Forschungsgruppe","Institutskuerzel":"betwinnovativ"},
{"id":"188","Aliaskuerzel":"allgbwlmarketing","Aliasname":"Allgemeine Betriebswirtschaftslehre, Marketing and Marktforschung","Institutskuerzel":"marktforschg"},
{"id":"189","Aliaskuerzel":"careerservicesua","Aliasname":"Career Service - Studierende & Arbeitswelt","Institutskuerzel":"studentarbeitswelt"},
{"id":"190","Aliaskuerzel":"voelkerk","Aliasname":"Völkerkunde","Institutskuerzel":"ethnologie"},
{"id":"191","Aliaskuerzel":"nordphil","Aliasname":"Nordische Philologie","Institutskuerzel":"skandinavistik"},
{"id":"192","Aliaskuerzel":"hoersaele","Aliasname":"Hörsäle","Institutskuerzel":"zzhoersaele"},
{"id":"193","Aliaskuerzel":"arbeitsozialrecht","Aliasname":"Arbeits- und Sozialrecht","Institutskuerzel":"deutscheurosozialrecht"},
{"id":"194","Aliaskuerzel":"europgesellschaftsrecht","Aliasname":"Europäisches Gesellschaftsrecht","Institutskuerzel":"buergrhandel"},
{"id":"198","Aliaskuerzel":"paediatrischenephrologie","Aliasname":"Pädiatrische Nephrologie, Immunologie und Hypertensiologie","Institutskuerzel":"kindernephro"},
{"id":"199","Aliaskuerzel":"experimentellewirtschaft","Aliasname":"Experimentelle Wirtschaftsforschung","Institutskuerzel":"koelnlabwifo"},
{"id":"200","Aliaskuerzel":"fennistik","Aliasname":"Fennistik","Institutskuerzel":"skandinavistik"},
{"id":"201","Aliaskuerzel":"strafrechtsvergleichung","Aliasname":"Strafrechtsvergleichung (ISV)","Institutskuerzel":"strafrecht2"},
{"id":"202","Aliaskuerzel":"combinatorialoptimization","Aliasname":"Combinatorial Optimization in Physics (Arbeitsgruppe)","Institutskuerzel":"emmynoether"},
{"id":"203","Aliaskuerzel":"paedagogikgehoerlose","Aliasname":"Pädagogik der Gehörlosen und Schwerhörigen","Institutskuerzel":"didaktikgehoerlose"},
{"id":"204","Aliaskuerzel":"heilppsycho2","Aliasname":"Heilpädagogische Psychologie (Prof. Nußbeck)","Institutskuerzel":"psychohpf2"},
{"id":"205","Aliaskuerzel":"hoersprachpaed","Aliasname":"Hörgeschädigtenpädagogik","Institutskuerzel":"paedhoergeschaedigt"},
{"id":"206","Aliaskuerzel":"sprachgestpaed","Aliasname":"Sprech- und Sprachgestörtenpädagogik","Institutskuerzel":"paedsprachstoerungen"},
{"id":"207","Aliaskuerzel":"lernbehpaed","Aliasname":"Lernbehindertenpädagogik","Institutskuerzel":"sondererziehunglernbehindert"},
{"id":"208","Aliaskuerzel":"sozialearbeiterziehung","Aliasname":"Soziale Arbeit und Erziehungshilfe","Institutskuerzel":"erziehungshilfesozarbeit"},
{"id":"209","Aliaskuerzel":"geistigbehpaed","Aliasname":"Geistigbehindertenpädagogik","Institutskuerzel":"paedagogikdidaktikgeistigbeh"},
{"id":"210","Aliaskuerzel":"heilpmusik","Aliasname":"Heilpädagogische Musikerziehung","Institutskuerzel":"musikerzhp"},
{"id":"211","Aliaskuerzel":"heilpkunst","Aliasname":"Heilpädagogische Kunsterziehung\/ -therapie","Institutskuerzel":"kunsterzhp"},
{"id":"212","Aliaskuerzel":"exzellenzcluster","Aliasname":"Exzellenzcluster (CECAD)","Institutskuerzel":"cellularstress"},
{"id":"213","Aliaskuerzel":"forist","Aliasname":"Forschungsstelle für interkulturelle Studien","Institutskuerzel":"interkultur"},
{"id":"214","Aliaskuerzel":"forges","Aliasname":"Forschungsstelle für Gesundheitserziehung","Institutskuerzel":"gesunderz"},
{"id":"216","Aliaskuerzel":"mathenaturbildung","Aliasname":"Mathematische und naturwissenschaftliche Bildung","Institutskuerzel":"zentrummathebildung"},
{"id":"217","Aliaskuerzel":"campusgruen","Aliasname":"Campusgrün","Institutskuerzel":"gruenehsg"},
{"id":"218","Aliaskuerzel":"centeragingstudies","Aliasname":"Center for Aging Studies (CEFAS)","Institutskuerzel":"centrumalternstudien"},
{"id":"219","Aliaskuerzel":"markenmanagement","Aliasname":"Marketing und Markenmanagement","Institutskuerzel":"allgbwlmarkenmanagement"},
{"id":"221","Aliaskuerzel":"empsozialforschung","Aliasname":"Empirische Sozialforschung (Zentralarchiv)","Institutskuerzel":"zentralarchivemp"},
{"id":"222","Aliaskuerzel":"managementgesundheitswesen","Aliasname":"Management im Gesundheitswesen","Institutskuerzel":"allgbwlgesundheit"},
{"id":"223","Aliaskuerzel":"unternehmensfinanzen","Aliasname":"Unternehmensfinanzen","Institutskuerzel":"allgbwlcf"},
{"id":"224","Aliaskuerzel":"schreibzentrumphilfak","Aliasname":"Schreibzentrum (Phil.Fak.)","Institutskuerzel":"kompetenzzentrumschreiben"},
{"id":"225","Aliaskuerzel":"koerperbehpaed","Aliasname":"Körperbehindertenpädagogik","Institutskuerzel":"paedagogikmenschenbeeintr"},
{"id":"226","Aliaskuerzel":"zentrumnetzwerkmedien","Aliasname":"Zentrum Netzwerk Medien","Institutskuerzel":"netzwerkmedien"},
{"id":"227","Aliaskuerzel":"kinderjpsychotherapie","Aliasname":"Kinder- und Jugendlichenpsychotherapie","Institutskuerzel":"ausbildungszentrumkjp"},
{"id":"228","Aliaskuerzel":"sprachrehabilitation","Aliasname":"Sprachrehabilitation (Forschungsinstitut und Beratungsstelle)","Institutskuerzel":"forschsprachrehabilitation"},
{"id":"231","Aliaskuerzel":"zentrumquartaerforschung","Aliasname":"Zentrum für Quartärforschung und Geoarchäologie","Institutskuerzel":"centerqsga"},
{"id":"232","Aliaskuerzel":"sozialrecht","Aliasname":"Sozialrecht","Institutskuerzel":"deutscheurosozialrecht"},
{"id":"235","Aliaskuerzel":"lehrbereichdeutsch","Aliasname":"Lehrbereich Deutsch als Fremdsprache","Institutskuerzel":"deutschalsfremdsprache"},
{"id":"236","Aliaskuerzel":"wohnheime","Aliasname":"Wohnheime","Institutskuerzel":"studentheim"},
{"id":"237","Aliaskuerzel":"fortbildung","Aliasname":"Fortbildung und Zusatzqualifizierung","Institutskuerzel":"weiterbildg"},
{"id":"238","Aliaskuerzel":"socrates","Aliasname":"Socrates (Büro für Internationale Beziehungen, Med. Fak.)","Institutskuerzel":"zentrumintbezmed"},
{"id":"239","Aliaskuerzel":"ausbildungsfoerderung","Aliasname":"Ausbildungsförderung","Institutskuerzel":"bafoeg"},
{"id":"241","Aliaskuerzel":"hoersaelemed","Aliasname":"Hörsäle (Medizinische Fakultät)","Institutskuerzel":"zzmhoersaele"},
{"id":"246","Aliaskuerzel":"internationaleskollegmorphomat","Aliasname":"Internationales Kolleg Morphomata","Institutskuerzel":"morphomata"},
{"id":"247","Aliaskuerzel":"audiopaedagogik","Aliasname":"Audiopädagogik","Institutskuerzel":"didaktikgehoerlose"},
{"id":"248","Aliaskuerzel":"evaluationuni","Aliasname":"Evaluation der Lehre ","Institutskuerzel":"lehrevaluation"},
{"id":"249","Aliaskuerzel":"theologiekath","Aliasname":"Theologie, Katholische","Institutskuerzel":"katholtheol"},
{"id":"250","Aliaskuerzel":"sprachentwicklung","Aliasname":"Sprachentwicklung und Sprachdidaktik (Forschungsstelle)","Institutskuerzel":"forschungsprachentwicklung"},
{"id":"253","Aliaskuerzel":"oekonometrie","Aliasname":"Ökonometrie","Institutskuerzel":"wisostat"},
{"id":"255","Aliaskuerzel":"ilias","Aliasname":"Ilias-Team","Institutskuerzel":"elearning"},
{"id":"256","Aliaskuerzel":"understandingapriori","Aliasname":"Understanding and the Apriori (Emmy Noether Arbeitsgruppe)","Institutskuerzel":"emmynoetherphil"},
{"id":"257","Aliaskuerzel":"studiensozial","Aliasname":"Studien- und Sozialangelegenheiten der Studierenden","Institutskuerzel":"besonderestudien"},
{"id":"258","Aliaskuerzel":"rechtstheorie","Aliasname":"Rechtstheorie","Institutskuerzel":"buergrrechtstheorie"},
{"id":"259","Aliaskuerzel":"sprachwiss","Aliasname":"Sprachwissenschaft","Institutskuerzel":"allgsprachwiss"},
{"id":"260","Aliaskuerzel":"wirtschaftlichestaatswiss","Aliasname":"Wirtschaftliche Staatswissenschaften","Institutskuerzel":"centermacroeconomic"},
{"id":"261","Aliaskuerzel":"oeffrechtkirchenrecht","Aliasname":"Öffentliches Recht und Kirchenrecht","Institutskuerzel":"kirchenrecht"},
{"id":"262","Aliaskuerzel":"macroeconomicresearch","Aliasname":"Macro Economic Research Center","Institutskuerzel":"centermacroeconomic"},
{"id":"263","Aliaskuerzel":"zentralereinkauf","Aliasname":"Zentraler Einkauf","Institutskuerzel":"verwuni33"},
{"id":"265","Aliaskuerzel":"ehumanities","Aliasname":"eHumanities (Center)","Institutskuerzel":"colognecenterehumanities"},
{"id":"267","Aliaskuerzel":"lateinamerikakompetenznetz","Aliasname":"Lateinamerika (Kompetenznetz)","Institutskuerzel":"kompetenznetzlateinamerika"},
{"id":"268","Aliaskuerzel":"makrooekonomikarbeitsmarkt","Aliasname":"Makroökonomik und Arbeitsmarktökonomik","Institutskuerzel":"staatswiss4"},
{"id":"270","Aliaskuerzel":"verfassungsrecht","Aliasname":"Verfassungsrecht, Völkerrecht und Rechtsvergleichung","Institutskuerzel":"ostrecht"},
{"id":"272","Aliaskuerzel":"frankreichstudien","Aliasname":"Frankreich- und Frankophoniestudien (Interdisziplinäres Institut)","Institutskuerzel":"centruminterfrankreich"},
{"id":"274","Aliaskuerzel":"rechenzentrum","Aliasname":"Rechenzentrum (RRZK)","Institutskuerzel":"regionalesrechenzentrum"},
{"id":"275","Aliaskuerzel":"theatreuniversitaire","Aliasname":"Théâtre universitaire francophone de Cologne","Institutskuerzel":"projetsprojecteurs"},
{"id":"276","Aliaskuerzel":"skillslab","Aliasname":"Skillslab und Simulationszentrum (KISS)","Institutskuerzel":"kiss"},
{"id":"277","Aliaskuerzel":"inetcampusgroup","Aliasname":"INET Campus Group Cologne","Institutskuerzel":"studytour"},
{"id":"278","Aliaskuerzel":"pim","Aliasname":"PIM & CEMS Club","Institutskuerzel":"cems"},
{"id":"279","Aliaskuerzel":"anatomie","Aliasname":"Anatomie","Institutskuerzel":"zentrumanatomie"},
{"id":"280","Aliaskuerzel":"staatswissbib","Aliasname":"Bibliothek des Staatswissenschaftlichen Seminars","Institutskuerzel":"volkswirtschaftbib"},
{"id":"282","Aliaskuerzel":"ostasiachina","Aliasname":"Ostasiatisches Seminar - China-Studien","Institutskuerzel":"chinastudien"},
{"id":"283","Aliaskuerzel":"ostasiajapan","Aliasname":"Ostasiatisches Seminar - Japanologie","Institutskuerzel":"japanologie"},
{"id":"284","Aliaskuerzel":"internatinvestitionsrecht","Aliasname":"Internationales Investitionsrecht","Institutskuerzel":"internationalilcc"},
{"id":"285","Aliaskuerzel":"zahnchirurg","Aliasname":"Zahnärztliche Chirurgie und Mund-, Kiefer- und Gesichtschirurgie","Institutskuerzel":"mundkgchirurgie"},
{"id":"286","Aliaskuerzel":"notaufnahme","Aliasname":"Notaufnahme","Institutskuerzel":"zentralenotaufnahme"},
{"id":"287","Aliaskuerzel":"viszeral","Aliasname":"Viszeral- und Gefäßchirurgie","Institutskuerzel":"allgemeinchirurgie"},
{"id":"288","Aliaskuerzel":"chirurgie","Aliasname":"Chirurgie","Institutskuerzel":"allgemeinchirurgie"},
{"id":"289","Aliaskuerzel":"pressemed","Aliasname":"Presse und Kommunikation (Klinikum)","Institutskuerzel":"kommunikationmed"},
{"id":"290","Aliaskuerzel":"mcm","Aliasname":"MCM - Projekt Migration Campus Management","Institutskuerzel":"projektmigracampus"},
{"id":"291","Aliaskuerzel":"competenceelearning","Aliasname":"CompetenceCenter E-Learning","Institutskuerzel":"elearning"},
{"id":"293","Aliaskuerzel":"musikethno","Aliasname":"Musikethnologie, Europäische","Institutskuerzel":"ethnomusik"}
]
}
